"Text","meanRating","nRatings","Class","ControlGroup","Learner","TextType","Language","Time"
"GermanTexts/A/AB_PLD_1_arg_D_C_3.txt",5,17,"AB",FALSE,"1","arg","D","3"
"GermanTexts/A/AB_PLD_4_arg_D_C_1.txt",5.52941176470588,17,"AB",FALSE,"4","arg","D","1"
"GermanTexts/A/E_PLD_18_arg_D_C_1.txt",3.64705882352941,17,"E",FALSE,"18","arg","D","1"
"GermanTexts/A/E_PLD_1_arg_D_C_3.txt",6.76470588235294,17,"E",FALSE,"1","arg","D","3"
"GermanTexts/A/E_PLD_5_narr_D_C_2.txt",4.82352941176471,17,"E",FALSE,"5","narr","D","2"
"GermanTexts/A/E_PLD_9_arg_D_C_2.txt",6.58823529411765,17,"E",FALSE,"9","arg","D","2"
"GermanTexts/A/E_PLD_9_arg_D_C_3.txt",5.17647058823529,17,"E",FALSE,"9","arg","D","3"
"GermanTexts/A/F_PLD_4_arg_D_C_1.txt",2.94117647058824,17,"F",FALSE,"4","arg","D","1"
"GermanTexts/A/F_PLD_7_arg_D_C_1.txt",4.17647058823529,17,"F",FALSE,"7","arg","D","1"
"GermanTexts/A/F_PLD_8_arg_D_C_2.txt",4.23529411764706,17,"F",FALSE,"8","arg","D","2"
"GermanTexts/A/H_PLD_12_narr_D_C_3.txt",5.41176470588235,17,"H",FALSE,"12","narr","D","3"
"GermanTexts/A/J_PLD_6_narr_D_C_2.txt",3.52941176470588,17,"J",FALSE,"6","narr","D","2"
"GermanTexts/A/J_PLD_7_narr_D_C_2.txt",7.29411764705882,17,"J",FALSE,"7","narr","D","2"
"GermanTexts/A/L_PLD_12_narr_D_C_3.txt",5.94117647058824,17,"L",FALSE,"12","narr","D","3"
"GermanTexts/A/L_PLD_15_narr_D_C_2.txt",3.88235294117647,17,"L",FALSE,"15","narr","D","2"
"GermanTexts/A/L_PLD_3_narr_D_C_1.txt",4.41176470588235,17,"L",FALSE,"3","narr","D","1"
"GermanTexts/A/L_PLD_7_narr_D_C_1.txt",4.64705882352941,17,"L",FALSE,"7","narr","D","1"
"GermanTexts/A/L_PLD_8_arg_D_C_3.txt",5.82352941176471,17,"L",FALSE,"8","arg","D","3"
"GermanTexts/A/L_PLD_8_narr_D_C_1.txt",3.82352941176471,17,"L",FALSE,"8","narr","D","1"
"GermanTexts/A/L_PLD_8_narr_D_C_3.txt",5.41176470588235,17,"L",FALSE,"8","narr","D","3"
"GermanTexts/A/M_PLD_5_arg_D_C_2.txt",3.35294117647059,17,"M",FALSE,"5","arg","D","2"
"GermanTexts/A/M_PLD_7_arg_D_C_1.txt",5.94117647058824,17,"M",FALSE,"7","arg","D","1"
"GermanTexts/A/M_PLD_9_arg_D_C_2.txt",4.58823529411765,17,"M",FALSE,"9","arg","D","2"
"GermanTexts/A/N_CD_10_arg_D_C_2.txt",6.41176470588235,17,"N",TRUE,"10","arg","D","2"
"GermanTexts/A/N_CD_11_narr_D_C_3.txt",5.11764705882353,17,"N",TRUE,"11","narr","D","3"
"GermanTexts/A/N_CD_13_arg_D_C_1.txt",3.29411764705882,17,"N",TRUE,"13","arg","D","1"
"GermanTexts/A/N_CD_14_narr_D_C_2.txt",5.47058823529412,17,"N",TRUE,"14","narr","D","2"
"GermanTexts/A/N_CD_18_narr_D_C_2.txt",7.17647058823529,17,"N",TRUE,"18","narr","D","2"
"GermanTexts/A/N_CD_19_narr_D_C_3.txt",7.17647058823529,17,"N",TRUE,"19","narr","D","3"
"GermanTexts/A/N_CD_2_narr_D_C_1.txt",4.94117647058824,17,"N",TRUE,"2","narr","D","1"
"GermanTexts/A/N_CD_7_narr_D_C_2.txt",7.17647058823529,17,"N",TRUE,"7","narr","D","2"
"GermanTexts/A/O_PLD_10_narr_D_C_3.txt",5,17,"O",FALSE,"10","narr","D","3"
"GermanTexts/A/O_PLD_15_narr_D_C_1.txt",6.17647058823529,17,"O",FALSE,"15","narr","D","1"
"GermanTexts/A/O_PLD_22_narr_D_C_2.txt",6.11764705882353,17,"O",FALSE,"22","narr","D","2"
"GermanTexts/A/O_PLD_2_arg_D_C_2.txt",5.58823529411765,17,"O",FALSE,"2","arg","D","2"
"GermanTexts/A/O_PLD_2_narr_D_C_3.txt",6.05882352941176,17,"O",FALSE,"2","narr","D","3"
"GermanTexts/A/S_CD_14_arg_D_C_2.txt",6.52941176470588,17,"S",TRUE,"14","arg","D","2"
"GermanTexts/A/S_CD_1_narr_D_C_2.txt",5.76470588235294,17,"S",TRUE,"1","narr","D","2"
"GermanTexts/A/S_CD_3_arg_D_C_1.txt",5.41176470588235,17,"S",TRUE,"3","arg","D","1"
"GermanTexts/A/S_CD_5_arg_D_C_3.txt",5.35294117647059,17,"S",TRUE,"5","arg","D","3"
"GermanTexts/A/S_CD_6_arg_D_C_1.txt",7.11764705882353,17,"S",TRUE,"6","arg","D","1"
"GermanTexts/A/S_CD_8_arg_D_C_3.txt",4.88235294117647,17,"S",TRUE,"8","arg","D","3"
"GermanTexts/A/U_CD_11_arg_D_C_1.txt",5.41176470588235,17,"U",TRUE,"11","arg","D","1"
"GermanTexts/A/U_CD_1_arg_D_C_3.txt",3.76470588235294,17,"U",TRUE,"1","arg","D","3"
"GermanTexts/A/U_CD_8_narr_D_C_3.txt",6.17647058823529,17,"U",TRUE,"8","narr","D","3"
"GermanTexts/A/V_CD_10_narr_D_C_2.txt",4.88235294117647,17,"V",TRUE,"10","narr","D","2"
"GermanTexts/A/V_CD_18_narr_D_C_1.txt",4.88235294117647,17,"V",TRUE,"18","narr","D","1"
"GermanTexts/A/V_CD_2_arg_D_C_2.txt",6.23529411764706,17,"V",TRUE,"2","arg","D","2"
"GermanTexts/A/V_CD_31_arg_D_C_3.txt",4.47058823529412,17,"V",TRUE,"31","arg","D","3"
"GermanTexts/A/V_CD_3_narr_D_C_1.txt",4.52941176470588,17,"V",TRUE,"3","narr","D","1"
"GermanTexts/A/X_PND_2_arg_D_C_3.txt",5.17647058823529,17,"X",FALSE,"2","arg","D","3"
"GermanTexts/B/AB_PLD_7_narr_D_C_2.txt",4.9375,16,"AB",FALSE,"7","narr","D","2"
"GermanTexts/B/AB_PLD_8_narr_D_C_2.txt",4.25,16,"AB",FALSE,"8","narr","D","2"
"GermanTexts/B/AC_PLD_2_narr_D_C_3.txt",5.46666666666667,15,"AC",FALSE,"2","narr","D","3"
"GermanTexts/B/E_PLD_10_arg_D_C_1.txt",5.9375,16,"E",FALSE,"10","arg","D","1"
"GermanTexts/B/E_PLD_11_arg_D_C_1.txt",4.25,16,"E",FALSE,"11","arg","D","1"
"GermanTexts/B/E_PLD_4_arg_D_C_3.txt",4.9375,16,"E",FALSE,"4","arg","D","3"
"GermanTexts/B/F_PLD_1_narr_D_C_2.txt",5.0625,16,"F",FALSE,"1","narr","D","2"
"GermanTexts/B/F_PLD_4_narr_D_C_3.txt",3.9375,16,"F",FALSE,"4","narr","D","3"
"GermanTexts/B/F_PLD_6_arg_D_C_3.txt",4.9375,16,"F",FALSE,"6","arg","D","3"
"GermanTexts/B/L_PLD_12_narr_D_C_1.txt",5.8125,16,"L",FALSE,"12","narr","D","1"
"GermanTexts/B/L_PLD_12_narr_D_C_2.txt",6.625,16,"L",FALSE,"12","narr","D","2"
"GermanTexts/B/L_PLD_14_arg_D_C_1.txt",3.6875,16,"L",FALSE,"14","arg","D","1"
"GermanTexts/B/L_PLD_18_narr_D_C_1.txt",4.8125,16,"L",FALSE,"18","narr","D","1"
"GermanTexts/B/L_PLD_3_arg_D_C_1.txt",3.5625,16,"L",FALSE,"3","arg","D","1"
"GermanTexts/B/L_PLD_3_narr_D_C_3.txt",5.6875,16,"L",FALSE,"3","narr","D","3"
"GermanTexts/B/L_PLD_5_arg_D_C_2.txt",4.875,16,"L",FALSE,"5","arg","D","2"
"GermanTexts/B/L_PLD_6_arg_D_C_2.txt",4.3125,16,"L",FALSE,"6","arg","D","2"
"GermanTexts/B/M_PLD_12_arg_D_C_1.txt",4.25,16,"M",FALSE,"12","arg","D","1"
"GermanTexts/B/M_PLD_13_arg_D_C_2.txt",5.25,16,"M",FALSE,"13","arg","D","2"
"GermanTexts/B/M_PLD_14_arg_D_C_2.txt",5,16,"M",FALSE,"14","arg","D","2"
"GermanTexts/B/M_PLD_6_narr_D_C_3.txt",4.1875,16,"M",FALSE,"6","narr","D","3"
"GermanTexts/B/N_CD_21_narr_D_C_2.txt",4.5,16,"N",TRUE,"21","narr","D","2"
"GermanTexts/B/N_CD_5_narr_D_C_3.txt",8.4375,16,"N",TRUE,"5","narr","D","3"
"GermanTexts/B/N_CD_7_narr_D_C_3.txt",7.875,16,"N",TRUE,"7","narr","D","3"
"GermanTexts/B/O_PLD_14_narr_D_C_1.txt",5.875,16,"O",FALSE,"14","narr","D","1"
"GermanTexts/B/O_PLD_16_narr_D_C_1.txt",2.8125,16,"O",FALSE,"16","narr","D","1"
"GermanTexts/B/O_PLD_19_narr_D_C_1.txt",6.125,16,"O",FALSE,"19","narr","D","1"
"GermanTexts/B/O_PLD_1_arg_D_C_3.txt",5.625,16,"O",FALSE,"1","arg","D","3"
"GermanTexts/B/O_PLD_20_arg_D_C_3.txt",4.5,16,"O",FALSE,"20","arg","D","3"
"GermanTexts/B/O_PLD_20_narr_D_C_3.txt",4.875,16,"O",FALSE,"20","narr","D","3"
"GermanTexts/B/O_PLD_22_arg_D_C_2.txt",6.3125,16,"O",FALSE,"22","arg","D","2"
"GermanTexts/B/S_CD_10_arg_D_C_2.txt",6.5625,16,"S",TRUE,"10","arg","D","2"
"GermanTexts/B/S_CD_11_narr_D_C_1.txt",3.1875,16,"S",TRUE,"11","narr","D","1"
"GermanTexts/B/S_CD_11_narr_D_C_2.txt",4,16,"S",TRUE,"11","narr","D","2"
"GermanTexts/B/S_CD_13_narr_D_C_2.txt",4.375,16,"S",TRUE,"13","narr","D","2"
"GermanTexts/B/S_CD_4_arg_D_C_1.txt",3.6875,16,"S",TRUE,"4","arg","D","1"
"GermanTexts/B/U_CD_15_arg_D_C_3.txt",5.875,16,"U",TRUE,"15","arg","D","3"
"GermanTexts/B/U_CD_2_narr_D_C_1.txt",3.875,16,"U",TRUE,"2","narr","D","1"
"GermanTexts/B/U_CD_9_arg_D_C_1.txt",5.25,16,"U",TRUE,"9","arg","D","1"
"GermanTexts/B/V_CD_14_arg_D_C_3.txt",5.5625,16,"V",TRUE,"14","arg","D","3"
"GermanTexts/B/V_CD_14_narr_D_C_1.txt",4.1875,16,"V",TRUE,"14","narr","D","1"
"GermanTexts/B/V_CD_16_arg_D_C_2.txt",5.375,16,"V",TRUE,"16","arg","D","2"
"GermanTexts/B/V_CD_1_arg_D_C_3.txt",5.73333333333333,15,"V",TRUE,"1","arg","D","3"
"GermanTexts/B/V_CD_23_arg_D_C_3.txt",7.25,16,"V",TRUE,"23","arg","D","3"
"GermanTexts/B/V_CD_23_narr_D_C_2.txt",4.875,16,"V",TRUE,"23","narr","D","2"
"GermanTexts/B/V_CD_24_narr_D_C_1.txt",5.5625,16,"V",TRUE,"24","narr","D","1"
"GermanTexts/B/V_CD_25_arg_D_C_2.txt",6.875,16,"V",TRUE,"25","arg","D","2"
"GermanTexts/B/V_CD_6_narr_D_C_3.txt",4.9375,16,"V",TRUE,"6","narr","D","3"
"GermanTexts/B/V_CD_8_arg_D_C_2.txt",6.375,16,"V",TRUE,"8","arg","D","2"
"GermanTexts/B/V_CD_9_arg_D_C_1.txt",5.8,15,"V",TRUE,"9","arg","D","1"
"GermanTexts/B/X_PND_2_arg_D_C_2.txt",3.25,16,"X",FALSE,"2","arg","D","2"
"GermanTexts/C/AB_PLD_2_narr_D_C_3.txt",6.82352941176471,17,"AB",FALSE,"2","narr","D","3"
"GermanTexts/C/AB_PLD_5_arg_D_C_2.txt",5.70588235294118,17,"AB",FALSE,"5","arg","D","2"
"GermanTexts/C/AB_PLD_7_arg_D_C_1.txt",4.94117647058824,17,"AB",FALSE,"7","arg","D","1"
"GermanTexts/C/AC_PLD_2_narr_D_C_2.txt",6.76470588235294,17,"AC",FALSE,"2","narr","D","2"
"GermanTexts/C/E_PLD_11_narr_D_C_1.txt",4.41176470588235,17,"E",FALSE,"11","narr","D","1"
"GermanTexts/C/E_PLD_13_arg_D_C_2.txt",5.35294117647059,17,"E",FALSE,"13","arg","D","2"
"GermanTexts/C/E_PLD_14_arg_D_C_1.txt",5.64705882352941,17,"E",FALSE,"14","arg","D","1"
"GermanTexts/C/E_PLD_15_arg_D_C_1.txt",4.94117647058824,17,"E",FALSE,"15","arg","D","1"
"GermanTexts/C/E_PLD_15_narr_D_C_3.txt",4.23529411764706,17,"E",FALSE,"15","narr","D","3"
"GermanTexts/C/E_PLD_16_narr_D_C_3.txt",5.58823529411765,17,"E",FALSE,"16","narr","D","3"
"GermanTexts/C/E_PLD_18_narr_D_C_2.txt",3.88235294117647,17,"E",FALSE,"18","narr","D","2"
"GermanTexts/C/E_PLD_2_narr_D_C_1.txt",3.52941176470588,17,"E",FALSE,"2","narr","D","1"
"GermanTexts/C/E_PLD_8_arg_D_C_2.txt",6.1875,16,"E",FALSE,"8","arg","D","2"
"GermanTexts/C/F_PLD_8_narr_D_C_1.txt",5.29411764705882,17,"F",FALSE,"8","narr","D","1"
"GermanTexts/C/H_PLD_2_arg_D_C_1.txt",5.11764705882353,17,"H",FALSE,"2","arg","D","1"
"GermanTexts/C/H_PLD_6_arg_D_C_2.txt",5.11764705882353,17,"H",FALSE,"6","arg","D","2"
"GermanTexts/C/I_PLD_4_narr_D_C_2.txt",5.70588235294118,17,"I",FALSE,"4","narr","D","2"
"GermanTexts/C/J_PLD_3_arg_D_C_2.txt",5.47058823529412,17,"J",FALSE,"3","arg","D","2"
"GermanTexts/C/J_PLD_4_arg_D_C_3.txt",7.35294117647059,17,"J",FALSE,"4","arg","D","3"
"GermanTexts/C/J_PLD_8_narr_D_C_2.txt",5.94117647058824,17,"J",FALSE,"8","narr","D","2"
"GermanTexts/C/L_PLD_16_arg_D_C_3.txt",7.17647058823529,17,"L",FALSE,"16","arg","D","3"
"GermanTexts/C/L_PLD_2_narr_D_C_1.txt",2.82352941176471,17,"L",FALSE,"2","narr","D","1"
"GermanTexts/C/L_PLD_4_arg_D_C_3.txt",5,17,"L",FALSE,"4","arg","D","3"
"GermanTexts/C/M_PLD_11_arg_D_C_3.txt",4.47058823529412,17,"M",FALSE,"11","arg","D","3"
"GermanTexts/C/M_PLD_1_narr_D_C_1.txt",3.82352941176471,17,"M",FALSE,"1","narr","D","1"
"GermanTexts/C/M_PLD_8_narr_D_C_3.txt",4.17647058823529,17,"M",FALSE,"8","narr","D","3"
"GermanTexts/C/N_CD_12_arg_D_C_2.txt",6,17,"N",TRUE,"12","arg","D","2"
"GermanTexts/C/N_CD_17_narr_D_C_1.txt",5.47058823529412,17,"N",TRUE,"17","narr","D","1"
"GermanTexts/C/N_CD_21_narr_D_C_3.txt",5.41176470588235,17,"N",TRUE,"21","narr","D","3"
"GermanTexts/C/N_CD_8_arg_D_C_1.txt",3.88235294117647,17,"N",TRUE,"8","arg","D","1"
"GermanTexts/C/O_PLD_21_narr_D_C_3.txt",7.75,16,"O",FALSE,"21","narr","D","3"
"GermanTexts/C/S_CD_10_arg_D_C_1.txt",6.6875,16,"S",TRUE,"10","arg","D","1"
"GermanTexts/C/S_CD_2_narr_D_C_3.txt",4.88235294117647,17,"S",TRUE,"2","narr","D","3"
"GermanTexts/C/S_CD_5_arg_D_C_2.txt",4.29411764705882,17,"S",TRUE,"5","arg","D","2"
"GermanTexts/C/S_CD_6_arg_D_C_3.txt",3.82352941176471,17,"S",TRUE,"6","arg","D","3"
"GermanTexts/C/S_CD_7_arg_D_C_1.txt",5.41176470588235,17,"S",TRUE,"7","arg","D","1"
"GermanTexts/C/S_CD_9_narr_D_C_2.txt",4.76470588235294,17,"S",TRUE,"9","narr","D","2"
"GermanTexts/C/U_CD_15_narr_D_C_1.txt",4,17,"U",TRUE,"15","narr","D","1"
"GermanTexts/C/U_CD_15_narr_D_C_2.txt",5.05882352941176,17,"U",TRUE,"15","narr","D","2"
"GermanTexts/C/U_CD_7_narr_D_C_1.txt",4,17,"U",TRUE,"7","narr","D","1"
"GermanTexts/C/U_CD_8_arg_D_C_3.txt",7.76470588235294,17,"U",TRUE,"8","arg","D","3"
"GermanTexts/C/U_CD_9_narr_D_C_3.txt",6.58823529411765,17,"U",TRUE,"9","narr","D","3"
"GermanTexts/C/V_CD_22_narr_D_C_2.txt",5.70588235294118,17,"V",TRUE,"22","narr","D","2"
"GermanTexts/C/V_CD_23_narr_D_C_3.txt",6.47058823529412,17,"V",TRUE,"23","narr","D","3"
"GermanTexts/C/V_CD_26_arg_D_C_1.txt",6.23529411764706,17,"V",TRUE,"26","arg","D","1"
"GermanTexts/C/V_CD_30_arg_D_C_3.txt",5.88235294117647,17,"V",TRUE,"30","arg","D","3"
"GermanTexts/C/V_CD_31_arg_D_C_2.txt",3.94117647058824,17,"V",TRUE,"31","arg","D","2"
"GermanTexts/C/V_CD_6_arg_D_C_3.txt",8.11764705882353,17,"V",TRUE,"6","arg","D","3"
"GermanTexts/C/V_CD_9_narr_D_C_2.txt",7.11764705882353,17,"V",TRUE,"9","narr","D","2"
"GermanTexts/C/X_PND_1_narr_D_C_2.txt",4.23529411764706,17,"X",FALSE,"1","narr","D","2"
"GermanTexts/C/X_PND_2_arg_D_C_1.txt",3.29411764705882,17,"X",FALSE,"2","arg","D","1"
"GermanTexts/D/AB_PLD_1_narr_D_C_3.txt",4.27777777777778,18,"AB",FALSE,"1","narr","D","3"
"GermanTexts/D/AB_PLD_2_narr_D_C_1.txt",5.11111111111111,18,"AB",FALSE,"2","narr","D","1"
"GermanTexts/D/AB_PLD_3_arg_D_C_1.txt",4.22222222222222,18,"AB",FALSE,"3","arg","D","1"
"GermanTexts/D/AB_PLD_6_narr_D_C_2.txt",2.44444444444444,18,"AB",FALSE,"6","narr","D","2"
"GermanTexts/D/AC_PLD_2_arg_D_C_1.txt",4.88888888888889,18,"AC",FALSE,"2","arg","D","1"
"GermanTexts/D/AF_PLD_2_narr_D_C_3.txt",4.44444444444444,18,"AF",FALSE,"2","narr","D","3"
"GermanTexts/D/E_PLD_7_arg_D_C_3.txt",4.27777777777778,18,"E",FALSE,"7","arg","D","3"
"GermanTexts/D/F_PLD_5_arg_D_C_3.txt",5.05555555555556,18,"F",FALSE,"5","arg","D","3"
"GermanTexts/D/H_PLD_3_narr_D_C_1.txt",4.5,18,"H",FALSE,"3","narr","D","1"
"GermanTexts/D/H_PLD_4_arg_D_C_1.txt",3.16666666666667,18,"H",FALSE,"4","arg","D","1"
"GermanTexts/D/H_PLD_4_narr_D_C_1.txt",3.66666666666667,18,"H",FALSE,"4","narr","D","1"
"GermanTexts/D/H_PLD_5_arg_D_C_1.txt",2.38888888888889,18,"H",FALSE,"5","arg","D","1"
"GermanTexts/D/I_PLD_2_narr_D_C_2.txt",4.66666666666667,18,"I",FALSE,"2","narr","D","2"
"GermanTexts/D/J_PLD_6_narr_D_C_3.txt",5.77777777777778,18,"J",FALSE,"6","narr","D","3"
"GermanTexts/D/L_PLD_12_arg_D_C_1.txt",4,18,"L",FALSE,"12","arg","D","1"
"GermanTexts/D/L_PLD_15_arg_D_C_2.txt",3.11111111111111,18,"L",FALSE,"15","arg","D","2"
"GermanTexts/D/L_PLD_17_narr_D_C_3.txt",4.83333333333333,18,"L",FALSE,"17","narr","D","3"
"GermanTexts/D/L_PLD_9_narr_D_C_2.txt",3.27777777777778,18,"L",FALSE,"9","narr","D","2"
"GermanTexts/D/M_PLD_2_narr_D_C_2.txt",2.61111111111111,18,"M",FALSE,"2","narr","D","2"
"GermanTexts/D/M_PLD_4_narr_D_C_1.txt",4.27777777777778,18,"M",FALSE,"4","narr","D","1"
"GermanTexts/D/N_CD_14_narr_D_C_1.txt",6.11111111111111,18,"N",TRUE,"14","narr","D","1"
"GermanTexts/D/N_CD_18_arg_D_C_2.txt",6.16666666666667,18,"N",TRUE,"18","arg","D","2"
"GermanTexts/D/N_CD_1_arg_D_C_3.txt",6.16666666666667,18,"N",TRUE,"1","arg","D","3"
"GermanTexts/D/N_CD_2_narr_D_C_3.txt",5.38888888888889,18,"N",TRUE,"2","narr","D","3"
"GermanTexts/D/N_CD_3_narr_D_C_2.txt",5.66666666666667,18,"N",TRUE,"3","narr","D","2"
"GermanTexts/D/N_CD_4_narr_D_C_3.txt",4.88888888888889,18,"N",TRUE,"4","narr","D","3"
"GermanTexts/D/N_CD_9_arg_D_C_2.txt",5.77777777777778,18,"N",TRUE,"9","arg","D","2"
"GermanTexts/D/O_PLD_11_narr_D_C_2.txt",4.875,16,"O",FALSE,"11","narr","D","2"
"GermanTexts/D/O_PLD_15_narr_D_C_3.txt",6,17,"O",FALSE,"15","narr","D","3"
"GermanTexts/D/O_PLD_16_arg_D_C_3.txt",6.11111111111111,18,"O",FALSE,"16","arg","D","3"
"GermanTexts/D/O_PLD_19_narr_D_C_2.txt",4.77777777777778,18,"O",FALSE,"19","narr","D","2"
"GermanTexts/D/O_PLD_2_arg_D_C_3.txt",5.88888888888889,18,"O",FALSE,"2","arg","D","3"
"GermanTexts/D/O_PLD_2_narr_D_C_1.txt",4.61111111111111,18,"O",FALSE,"2","narr","D","1"
"GermanTexts/D/O_PLD_4_arg_D_C_2.txt",5.38888888888889,18,"O",FALSE,"4","arg","D","2"
"GermanTexts/D/S_CD_11_narr_D_C_3.txt",6.66666666666667,18,"S",TRUE,"11","narr","D","3"
"GermanTexts/D/S_CD_2_arg_D_C_1.txt",4.66666666666667,18,"S",TRUE,"2","arg","D","1"
"GermanTexts/D/S_CD_3_arg_D_C_2.txt",6,17,"S",TRUE,"3","arg","D","2"
"GermanTexts/D/U_CD_10_arg_D_C_2.txt",6,18,"U",TRUE,"10","arg","D","2"
"GermanTexts/D/U_CD_15_narr_D_C_3.txt",5.72222222222222,18,"U",TRUE,"15","narr","D","3"
"GermanTexts/D/V_CD_14_narr_D_C_2.txt",3.55555555555556,18,"V",TRUE,"14","narr","D","2"
"GermanTexts/D/V_CD_17_narr_D_C_2.txt",5.66666666666667,18,"V",TRUE,"17","narr","D","2"
"GermanTexts/D/V_CD_1_narr_D_C_3.txt",4.33333333333333,18,"V",TRUE,"1","narr","D","3"
"GermanTexts/D/V_CD_24_arg_D_C_3.txt",7.5,18,"V",TRUE,"24","arg","D","3"
"GermanTexts/D/V_CD_25_arg_D_C_1.txt",7.33333333333333,18,"V",TRUE,"25","arg","D","1"
"GermanTexts/D/V_CD_27_narr_D_C_1.txt",2.72222222222222,18,"V",TRUE,"27","narr","D","1"
"GermanTexts/D/V_CD_30_arg_D_C_1.txt",4.72222222222222,18,"V",TRUE,"30","arg","D","1"
"GermanTexts/D/V_CD_7_narr_D_C_1.txt",5.05882352941176,17,"V",TRUE,"7","narr","D","1"
"GermanTexts/D/V_CD_8_arg_D_C_3.txt",5.44444444444444,18,"V",TRUE,"8","arg","D","3"
"GermanTexts/D/V_CD_9_narr_D_C_1.txt",4.66666666666667,18,"V",TRUE,"9","narr","D","1"
"GermanTexts/D/X_PND_1_arg_D_C_2.txt",4.55555555555556,18,"X",FALSE,"1","arg","D","2"
"GermanTexts/D/X_PND_4_arg_D_C_2.txt",3.44444444444444,18,"X",FALSE,"4","arg","D","2"
"GermanTexts/E/AB_PLD_2_arg_D_C_3.txt",6.73333333333333,15,"AB",FALSE,"2","arg","D","3"
"GermanTexts/E/AB_PLD_8_arg_D_C_3.txt",5.4,15,"AB",FALSE,"8","arg","D","3"
"GermanTexts/E/AB_PLD_8_narr_D_C_3.txt",4.6,15,"AB",FALSE,"8","narr","D","3"
"GermanTexts/E/AC_PLD_2_narr_D_C_1.txt",5.2,15,"AC",FALSE,"2","narr","D","1"
"GermanTexts/E/AC_PLD_4_arg_D_C_2.txt",4.66666666666667,15,"AC",FALSE,"4","arg","D","2"
"GermanTexts/E/AC_PLD_8_arg_D_C_3.txt",6.86666666666667,15,"AC",FALSE,"8","arg","D","3"
"GermanTexts/E/AF_PLD_1_narr_D_C_3.txt",5.06666666666667,15,"AF",FALSE,"1","narr","D","3"
"GermanTexts/E/AG_PLD_2_narr_D_C_2.txt",5.46666666666667,15,"AG",FALSE,"2","narr","D","2"
"GermanTexts/E/E_PLD_10_narr_D_C_1.txt",7,15,"E",FALSE,"10","narr","D","1"
"GermanTexts/E/E_PLD_14_arg_D_C_2.txt",5.4,15,"E",FALSE,"14","arg","D","2"
"GermanTexts/E/E_PLD_6_arg_D_C_1.txt",3.13333333333333,15,"E",FALSE,"6","arg","D","1"
"GermanTexts/E/F_PLD_5_narr_D_C_2.txt",5.46666666666667,15,"F",FALSE,"5","narr","D","2"
"GermanTexts/E/I_PLD_4_arg_D_C_3.txt",4.26666666666667,15,"I",FALSE,"4","arg","D","3"
"GermanTexts/E/L_PLD_14_arg_D_C_3.txt",5.4,15,"L",FALSE,"14","arg","D","3"
"GermanTexts/E/L_PLD_15_arg_D_C_1.txt",2.93333333333333,15,"L",FALSE,"15","arg","D","1"
"GermanTexts/E/L_PLD_16_arg_D_C_1.txt",5.53333333333333,15,"L",FALSE,"16","arg","D","1"
"GermanTexts/E/L_PLD_18_arg_D_C_2.txt",5.4,15,"L",FALSE,"18","arg","D","2"
"GermanTexts/E/L_PLD_1_arg_D_C_2.txt",3.73333333333333,15,"L",FALSE,"1","arg","D","2"
"GermanTexts/E/L_PLD_9_arg_D_C_1.txt",2.26666666666667,15,"L",FALSE,"9","arg","D","1"
"GermanTexts/E/M_PLD_11_narr_D_C_1.txt",4.6,15,"M",FALSE,"11","narr","D","1"
"GermanTexts/E/M_PLD_12_narr_D_C_1.txt",5.53333333333333,15,"M",FALSE,"12","narr","D","1"
"GermanTexts/E/M_PLD_5_narr_D_C_2.txt",4.33333333333333,15,"M",FALSE,"5","narr","D","2"
"GermanTexts/E/N_CD_8_arg_D_C_2.txt",4.6,15,"N",TRUE,"8","arg","D","2"
"GermanTexts/E/O_PLD_13_arg_D_C_2.txt",5.33333333333333,15,"O",FALSE,"13","arg","D","2"
"GermanTexts/E/O_PLD_1_arg_D_C_2.txt",6.53333333333333,15,"O",FALSE,"1","arg","D","2"
"GermanTexts/E/O_PLD_6_arg_D_C_1.txt",3.33333333333333,15,"O",FALSE,"6","arg","D","1"
"GermanTexts/E/S_CD_12_narr_D_C_2.txt",4.6,15,"S",TRUE,"12","narr","D","2"
"GermanTexts/E/S_CD_13_arg_D_C_3.txt",6.4,15,"S",TRUE,"13","arg","D","3"
"GermanTexts/E/S_CD_1_narr_D_C_1.txt",5,15,"S",TRUE,"1","narr","D","1"
"GermanTexts/E/S_CD_8_arg_D_C_2.txt",4.13333333333333,15,"S",TRUE,"8","arg","D","2"
"GermanTexts/E/U_CD_13_arg_D_C_1.txt",6.6,15,"U",TRUE,"13","arg","D","1"
"GermanTexts/E/U_CD_4_arg_D_C_3.txt",7.93333333333333,15,"U",TRUE,"4","arg","D","3"
"GermanTexts/E/U_CD_5_narr_D_C_1.txt",5.93333333333333,15,"U",TRUE,"5","narr","D","1"
"GermanTexts/E/U_CD_6_arg_D_C_2.txt",5.8,15,"U",TRUE,"6","arg","D","2"
"GermanTexts/E/V_CD_15_arg_D_C_3.txt",6.4,15,"V",TRUE,"15","arg","D","3"
"GermanTexts/E/V_CD_16_narr_D_C_3.txt",6.13333333333333,15,"V",TRUE,"16","narr","D","3"
"GermanTexts/E/V_CD_17_narr_D_C_3.txt",4.86666666666667,15,"V",TRUE,"17","narr","D","3"
"GermanTexts/E/V_CD_20_arg_D_C_1.txt",5,15,"V",TRUE,"20","arg","D","1"
"GermanTexts/E/V_CD_21_narr_D_C_2.txt",6.2,15,"V",TRUE,"21","narr","D","2"
"GermanTexts/E/V_CD_22_arg_D_C_1.txt",4.53333333333333,15,"V",TRUE,"22","arg","D","1"
"GermanTexts/E/V_CD_22_arg_D_C_2.txt",5.46666666666667,15,"V",TRUE,"22","arg","D","2"
"GermanTexts/E/V_CD_22_narr_D_C_1.txt",4.26666666666667,15,"V",TRUE,"22","narr","D","1"
"GermanTexts/E/V_CD_25_narr_D_C_2.txt",7.86666666666667,15,"V",TRUE,"25","narr","D","2"
"GermanTexts/E/V_CD_29_narr_D_C_3.txt",4.26666666666667,15,"V",TRUE,"29","narr","D","3"
"GermanTexts/E/V_CD_30_arg_D_C_2.txt",5.66666666666667,15,"V",TRUE,"30","arg","D","2"
"GermanTexts/E/V_CD_4_arg_D_C_1.txt",5.13333333333333,15,"V",TRUE,"4","arg","D","1"
"GermanTexts/E/V_CD_5_arg_D_C_3.txt",6.8,15,"V",TRUE,"5","arg","D","3"
"GermanTexts/E/X_PND_1_narr_D_C_3.txt",5.33333333333333,15,"X",FALSE,"1","narr","D","3"
"GermanTexts/E/X_PND_2_narr_D_C_2.txt",5.4,15,"X",FALSE,"2","narr","D","2"
"GermanTexts/E/X_PND_2_narr_D_C_3.txt",6.33333333333333,15,"X",FALSE,"2","narr","D","3"
"GermanTexts/E/X_PND_3_arg_D_C_3.txt",6.86666666666667,15,"X",FALSE,"3","arg","D","3"
"GermanTexts/F/AB_PLD_3_arg_D_C_3.txt",7.64705882352941,17,"AB",FALSE,"3","arg","D","3"
"GermanTexts/F/AF_PLD_2_arg_D_C_3.txt",7.05882352941176,17,"AF",FALSE,"2","arg","D","3"
"GermanTexts/F/E_PLD_12_narr_D_C_1.txt",4.47058823529412,17,"E",FALSE,"12","narr","D","1"
"GermanTexts/F/E_PLD_1_narr_D_C_2.txt",5.41176470588235,17,"E",FALSE,"1","narr","D","2"
"GermanTexts/F/E_PLD_6_arg_D_C_3.txt",7.23529411764706,17,"E",FALSE,"6","arg","D","3"
"GermanTexts/F/E_PLD_6_narr_D_C_3.txt",6.76470588235294,17,"E",FALSE,"6","narr","D","3"
"GermanTexts/F/E_PLD_7_narr_D_C_1.txt",3.88235294117647,17,"E",FALSE,"7","narr","D","1"
"GermanTexts/F/E_PLD_8_arg_D_C_3.txt",7.64705882352941,17,"E",FALSE,"8","arg","D","3"
"GermanTexts/F/F_PLD_5_arg_D_C_2.txt",5.52941176470588,17,"F",FALSE,"5","arg","D","2"
"GermanTexts/F/F_PLD_8_arg_D_C_1.txt",5.11764705882353,17,"F",FALSE,"8","arg","D","1"
"GermanTexts/F/H_PLD_12_arg_D_C_2.txt",5.5625,16,"H",FALSE,"12","arg","D","2"
"GermanTexts/F/H_PLD_7_arg_D_C_1.txt",4.70588235294118,17,"H",FALSE,"7","arg","D","1"
"GermanTexts/F/I_PLD_1_narr_D_C_1.txt",4.88235294117647,17,"I",FALSE,"1","narr","D","1"
"GermanTexts/F/J_PLD_1_arg_D_C_1.txt",3.64705882352941,17,"J",FALSE,"1","arg","D","1"
"GermanTexts/F/L_PLD_4_arg_D_C_2.txt",4.05882352941176,17,"L",FALSE,"4","arg","D","2"
"GermanTexts/F/L_PLD_5_narr_D_C_2.txt",4.94117647058824,17,"L",FALSE,"5","narr","D","2"
"GermanTexts/F/L_PLD_6_narr_D_C_3.txt",6.05882352941176,17,"L",FALSE,"6","narr","D","3"
"GermanTexts/F/M_PLD_13_narr_D_C_2.txt",3.05882352941176,17,"M",FALSE,"13","narr","D","2"
"GermanTexts/F/M_PLD_1_narr_D_C_2.txt",3.11764705882353,17,"M",FALSE,"1","narr","D","2"
"GermanTexts/F/M_PLD_5_narr_D_C_3.txt",3.41176470588235,17,"M",FALSE,"5","narr","D","3"
"GermanTexts/F/M_PLD_6_arg_D_C_1.txt",5.11764705882353,17,"M",FALSE,"6","arg","D","1"
"GermanTexts/F/M_PLD_9_narr_D_C_1.txt",3.35294117647059,17,"M",FALSE,"9","narr","D","1"
"GermanTexts/F/N_CD_14_arg_D_C_1.txt",3.23529411764706,17,"N",TRUE,"14","arg","D","1"
"GermanTexts/F/N_CD_14_arg_D_C_2.txt",5.52941176470588,17,"N",TRUE,"14","arg","D","2"
"GermanTexts/F/N_CD_16_narr_D_C_3.txt",6.47058823529412,17,"N",TRUE,"16","narr","D","3"
"GermanTexts/F/N_CD_21_arg_D_C_3.txt",5.58823529411765,17,"N",TRUE,"21","arg","D","3"
"GermanTexts/F/N_CD_3_arg_D_C_1.txt",4.23529411764706,17,"N",TRUE,"3","arg","D","1"
"GermanTexts/F/N_CD_3_narr_D_C_1.txt",4.4375,16,"N",TRUE,"3","narr","D","1"
"GermanTexts/F/N_CD_4_arg_D_C_1.txt",5.58823529411765,17,"N",TRUE,"4","arg","D","1"
"GermanTexts/F/N_CD_4_narr_D_C_1.txt",4.82352941176471,17,"N",TRUE,"4","narr","D","1"
"GermanTexts/F/N_CD_4_narr_D_C_2.txt",4.94117647058824,17,"N",TRUE,"4","narr","D","2"
"GermanTexts/F/O_PLD_16_narr_D_C_3.txt",6.52941176470588,17,"O",FALSE,"16","narr","D","3"
"GermanTexts/F/O_PLD_17_arg_D_C_2.txt",5.64705882352941,17,"O",FALSE,"17","arg","D","2"
"GermanTexts/F/O_PLD_8_narr_D_C_3.txt",5.88235294117647,17,"O",FALSE,"8","narr","D","3"
"GermanTexts/F/S_CD_12_narr_D_C_1.txt",6.05882352941176,17,"S",TRUE,"12","narr","D","1"
"GermanTexts/F/S_CD_2_arg_D_C_3.txt",7.35294117647059,17,"S",TRUE,"2","arg","D","3"
"GermanTexts/F/S_CD_4_arg_D_C_2.txt",3.82352941176471,17,"S",TRUE,"4","arg","D","2"
"GermanTexts/F/S_CD_9_arg_D_C_2.txt",3.41176470588235,17,"S",TRUE,"9","arg","D","2"
"GermanTexts/F/U_CD_12_narr_D_C_2.txt",5.70588235294118,17,"U",TRUE,"12","narr","D","2"
"GermanTexts/F/U_CD_13_narr_D_C_3.txt",6.23529411764706,17,"U",TRUE,"13","narr","D","3"
"GermanTexts/F/U_CD_1_narr_D_C_3.txt",4.88235294117647,17,"U",TRUE,"1","narr","D","3"
"GermanTexts/F/U_CD_3_arg_D_C_3.txt",7.11764705882353,17,"U",TRUE,"3","arg","D","3"
"GermanTexts/F/U_CD_4_arg_D_C_2.txt",5.41176470588235,17,"U",TRUE,"4","arg","D","2"
"GermanTexts/F/U_CD_5_arg_D_C_1.txt",5.05882352941176,17,"U",TRUE,"5","arg","D","1"
"GermanTexts/F/U_CD_7_narr_D_C_2.txt",5.64705882352941,17,"U",TRUE,"7","narr","D","2"
"GermanTexts/F/V_CD_15_arg_D_C_2.txt",4.58823529411765,17,"V",TRUE,"15","arg","D","2"
"GermanTexts/F/V_CD_15_narr_D_C_3.txt",4.76470588235294,17,"V",TRUE,"15","narr","D","3"
"GermanTexts/F/V_CD_21_arg_D_C_3.txt",7.58823529411765,17,"V",TRUE,"21","arg","D","3"
"GermanTexts/F/X_PND_3_arg_D_C_1.txt",5.70588235294118,17,"X",FALSE,"3","arg","D","1"
"GermanTexts/F/X_PND_3_arg_D_C_2.txt",5.82352941176471,17,"X",FALSE,"3","arg","D","2"
"GermanTexts/F/X_PND_4_narr_D_C_3.txt",6.64705882352941,17,"X",FALSE,"4","narr","D","3"
"GermanTexts/G/AB_PLD_5_arg_D_C_1.txt",4.5,18,"AB",FALSE,"5","arg","D","1"
"GermanTexts/G/AC_PLD_7_arg_D_C_1.txt",4.76470588235294,17,"AC",FALSE,"7","arg","D","1"
"GermanTexts/G/AC_PLD_8_narr_D_C_3.txt",4.83333333333333,18,"AC",FALSE,"8","narr","D","3"
"GermanTexts/G/AG_PLD_1_narr_D_C_1.txt",4.88888888888889,18,"AG",FALSE,"1","narr","D","1"
"GermanTexts/G/E_PLD_12_narr_D_C_3.txt",3.77777777777778,18,"E",FALSE,"12","narr","D","3"
"GermanTexts/G/E_PLD_15_arg_D_C_3.txt",6.33333333333333,18,"E",FALSE,"15","arg","D","3"
"GermanTexts/G/E_PLD_18_arg_D_C_2.txt",4.55555555555556,18,"E",FALSE,"18","arg","D","2"
"GermanTexts/G/E_PLD_2_arg_D_C_3.txt",4.11111111111111,18,"E",FALSE,"2","arg","D","3"
"GermanTexts/G/F_PLD_6_narr_D_C_2.txt",4.55555555555556,18,"F",FALSE,"6","narr","D","2"
"GermanTexts/G/H_PLD_12_narr_D_C_1.txt",4.88888888888889,18,"H",FALSE,"12","narr","D","1"
"GermanTexts/G/I_PLD_1_arg_D_C_2.txt",3.27777777777778,18,"I",FALSE,"1","arg","D","2"
"GermanTexts/G/I_PLD_1_narr_D_C_2.txt",3.27777777777778,18,"I",FALSE,"1","narr","D","2"
"GermanTexts/G/J_PLD_4_arg_D_C_1.txt",5.11111111111111,18,"J",FALSE,"4","arg","D","1"
"GermanTexts/G/J_PLD_5_arg_D_C_3.txt",5.77777777777778,18,"J",FALSE,"5","arg","D","3"
"GermanTexts/G/J_PLD_8_arg_D_C_1.txt",4.77777777777778,18,"J",FALSE,"8","arg","D","1"
"GermanTexts/G/L_PLD_11_arg_D_C_2.txt",3.35294117647059,17,"L",FALSE,"11","arg","D","2"
"GermanTexts/G/L_PLD_14_arg_D_C_2.txt",2.27777777777778,18,"L",FALSE,"14","arg","D","2"
"GermanTexts/G/L_PLD_16_narr_D_C_1.txt",5.44444444444444,18,"L",FALSE,"16","narr","D","1"
"GermanTexts/G/L_PLD_17_arg_D_C_2.txt",5.27777777777778,18,"L",FALSE,"17","arg","D","2"
"GermanTexts/G/L_PLD_17_narr_D_C_1.txt",3.83333333333333,18,"L",FALSE,"17","narr","D","1"
"GermanTexts/G/L_PLD_6_arg_D_C_3.txt",6.72222222222222,18,"L",FALSE,"6","arg","D","3"
"GermanTexts/G/M_PLD_11_arg_D_C_2.txt",5.05555555555556,18,"M",FALSE,"11","arg","D","2"
"GermanTexts/G/M_PLD_1_arg_D_C_2.txt",6.38888888888889,18,"M",FALSE,"1","arg","D","2"
"GermanTexts/G/M_PLD_2_narr_D_C_3.txt",3.77777777777778,18,"M",FALSE,"2","narr","D","3"
"GermanTexts/G/M_PLD_4_narr_D_C_2.txt",6.88888888888889,18,"M",FALSE,"4","narr","D","2"
"GermanTexts/G/M_PLD_6_arg_D_C_3.txt",5.64705882352941,17,"M",FALSE,"6","arg","D","3"
"GermanTexts/G/N_CD_11_narr_D_C_2.txt",4.44444444444444,18,"N",TRUE,"11","narr","D","2"
"GermanTexts/G/N_CD_17_narr_D_C_2.txt",5.55555555555556,18,"N",TRUE,"17","narr","D","2"
"GermanTexts/G/N_CD_1_arg_D_C_1.txt",4.61111111111111,18,"N",TRUE,"1","arg","D","1"
"GermanTexts/G/N_CD_1_arg_D_C_2.txt",2.88888888888889,18,"N",TRUE,"1","arg","D","2"
"GermanTexts/G/N_CD_3_arg_D_C_2.txt",6.55555555555556,18,"N",TRUE,"3","arg","D","2"
"GermanTexts/G/N_CD_6_narr_D_C_2.txt",5.72222222222222,18,"N",TRUE,"6","narr","D","2"
"GermanTexts/G/O_PLD_16_narr_D_C_2.txt",5.66666666666667,18,"O",FALSE,"16","narr","D","2"
"GermanTexts/G/O_PLD_20_arg_D_C_1.txt",3.5,18,"O",FALSE,"20","arg","D","1"
"GermanTexts/G/O_PLD_9_narr_D_C_3.txt",6.22222222222222,18,"O",FALSE,"9","narr","D","3"
"GermanTexts/G/S_CD_11_arg_D_C_3.txt",6.61111111111111,18,"S",TRUE,"11","arg","D","3"
"GermanTexts/G/S_CD_5_narr_D_C_3.txt",6.22222222222222,18,"S",TRUE,"5","narr","D","3"
"GermanTexts/G/S_CD_6_arg_D_C_2.txt",5.5,18,"S",TRUE,"6","arg","D","2"
"GermanTexts/G/S_CD_6_narr_D_C_1.txt",3.77777777777778,18,"S",TRUE,"6","narr","D","1"
"GermanTexts/G/S_CD_7_narr_D_C_2.txt",4.77777777777778,18,"S",TRUE,"7","narr","D","2"
"GermanTexts/G/S_CD_8_arg_D_C_1.txt",3.72222222222222,18,"S",TRUE,"8","arg","D","1"
"GermanTexts/G/S_CD_8_narr_D_C_3.txt",3.61111111111111,18,"S",TRUE,"8","narr","D","3"
"GermanTexts/G/S_CD_9_arg_D_C_1.txt",5.27777777777778,18,"S",TRUE,"9","arg","D","1"
"GermanTexts/G/U_CD_5_arg_D_C_3.txt",5.22222222222222,18,"U",TRUE,"5","arg","D","3"
"GermanTexts/G/V_CD_11_arg_D_C_3.txt",7.11111111111111,18,"V",TRUE,"11","arg","D","3"
"GermanTexts/G/V_CD_14_arg_D_C_1.txt",3.77777777777778,18,"V",TRUE,"14","arg","D","1"
"GermanTexts/G/V_CD_18_narr_D_C_3.txt",7.33333333333333,18,"V",TRUE,"18","narr","D","3"
"GermanTexts/G/V_CD_20_narr_D_C_1.txt",5.77777777777778,18,"V",TRUE,"20","narr","D","1"
"GermanTexts/G/V_CD_2_narr_D_C_1.txt",3.16666666666667,18,"V",TRUE,"2","narr","D","1"
"GermanTexts/G/V_CD_31_narr_D_C_3.txt",4.94444444444444,18,"V",TRUE,"31","narr","D","3"
"GermanTexts/G/V_CD_8_narr_D_C_2.txt",7,18,"V",TRUE,"8","narr","D","2"
"GermanTexts/H/AF_PLD_1_arg_D_C_1.txt",5.05555555555556,18,"AF",FALSE,"1","arg","D","1"
"GermanTexts/H/AF_PLD_1_arg_D_C_3.txt",5.72222222222222,18,"AF",FALSE,"1","arg","D","3"
"GermanTexts/H/AF_PLD_1_narr_D_C_1.txt",5.16666666666667,18,"AF",FALSE,"1","narr","D","1"
"GermanTexts/H/E_PLD_10_arg_D_C_3.txt",5.61111111111111,18,"E",FALSE,"10","arg","D","3"
"GermanTexts/H/E_PLD_12_narr_D_C_2.txt",5.44444444444444,18,"E",FALSE,"12","narr","D","2"
"GermanTexts/H/E_PLD_16_arg_D_C_1.txt",4.72222222222222,18,"E",FALSE,"16","arg","D","1"
"GermanTexts/H/E_PLD_4_narr_D_C_1.txt",4.66666666666667,18,"E",FALSE,"4","narr","D","1"
"GermanTexts/H/F_PLD_3_narr_D_C_2.txt",4.11111111111111,18,"F",FALSE,"3","narr","D","2"
"GermanTexts/H/F_PLD_4_narr_D_C_2.txt",4.66666666666667,18,"F",FALSE,"4","narr","D","2"
"GermanTexts/H/H_PLD_10_arg_D_C_2.txt",3.61111111111111,18,"H",FALSE,"10","arg","D","2"
"GermanTexts/H/H_PLD_12_arg_D_C_3.txt",6.38888888888889,18,"H",FALSE,"12","arg","D","3"
"GermanTexts/H/H_PLD_9_narr_D_C_2.txt",6.38888888888889,18,"H",FALSE,"9","narr","D","2"
"GermanTexts/H/I_PLD_1_arg_D_C_1.txt",4.83333333333333,18,"I",FALSE,"1","arg","D","1"
"GermanTexts/H/L_PLD_19_narr_D_C_3.txt",4.38888888888889,18,"L",FALSE,"19","narr","D","3"
"GermanTexts/H/L_PLD_1_narr_D_C_3.txt",3.72222222222222,18,"L",FALSE,"1","narr","D","3"
"GermanTexts/H/L_PLD_3_arg_D_C_3.txt",5.16666666666667,18,"L",FALSE,"3","arg","D","3"
"GermanTexts/H/L_PLD_6_arg_D_C_1.txt",4.05555555555556,18,"L",FALSE,"6","arg","D","1"
"GermanTexts/H/M_PLD_12_narr_D_C_3.txt",5.38888888888889,18,"M",FALSE,"12","narr","D","3"
"GermanTexts/H/M_PLD_6_arg_D_C_2.txt",3.72222222222222,18,"M",FALSE,"6","arg","D","2"
"GermanTexts/H/M_PLD_8_arg_D_C_2.txt",4.83333333333333,18,"M",FALSE,"8","arg","D","2"
"GermanTexts/H/M_PLD_8_narr_D_C_2.txt",3.77777777777778,18,"M",FALSE,"8","narr","D","2"
"GermanTexts/H/N_CD_10_narr_D_C_1.txt",6.88888888888889,18,"N",TRUE,"10","narr","D","1"
"GermanTexts/H/N_CD_12_arg_D_C_3.txt",7.11111111111111,18,"N",TRUE,"12","arg","D","3"
"GermanTexts/H/N_CD_12_narr_D_C_3.txt",7.77777777777778,18,"N",TRUE,"12","narr","D","3"
"GermanTexts/H/N_CD_2_narr_D_C_2.txt",4.38888888888889,18,"N",TRUE,"2","narr","D","2"
"GermanTexts/H/N_CD_5_narr_D_C_1.txt",5.33333333333333,18,"N",TRUE,"5","narr","D","1"
"GermanTexts/H/N_CD_6_arg_D_C_2.txt",6.72222222222222,18,"N",TRUE,"6","arg","D","2"
"GermanTexts/H/O_PLD_12_narr_D_C_1.txt",6.22222222222222,18,"O",FALSE,"12","narr","D","1"
"GermanTexts/H/O_PLD_15_arg_D_C_1.txt",6.22222222222222,18,"O",FALSE,"15","arg","D","1"
"GermanTexts/H/O_PLD_15_arg_D_C_3.txt",5.55555555555556,18,"O",FALSE,"15","arg","D","3"
"GermanTexts/H/O_PLD_3_arg_D_C_2.txt",5.11111111111111,18,"O",FALSE,"3","arg","D","2"
"GermanTexts/H/O_PLD_3_narr_D_C_2.txt",5.11111111111111,18,"O",FALSE,"3","narr","D","2"
"GermanTexts/H/O_PLD_5_narr_D_C_3.txt",6,18,"O",FALSE,"5","narr","D","3"
"GermanTexts/H/O_PLD_9_arg_D_C_3.txt",5.55555555555556,18,"O",FALSE,"9","arg","D","3"
"GermanTexts/H/S_CD_4_narr_D_C_3.txt",5.77777777777778,18,"S",TRUE,"4","narr","D","3"
"GermanTexts/H/S_CD_6_narr_D_C_3.txt",3.72222222222222,18,"S",TRUE,"6","narr","D","3"
"GermanTexts/H/S_CD_7_narr_D_C_1.txt",5.22222222222222,18,"S",TRUE,"7","narr","D","1"
"GermanTexts/H/U_CD_11_arg_D_C_3.txt",7.61111111111111,18,"U",TRUE,"11","arg","D","3"
"GermanTexts/H/U_CD_12_arg_D_C_2.txt",5.5,18,"U",TRUE,"12","arg","D","2"
"GermanTexts/H/U_CD_14_arg_D_C_3.txt",7.44444444444444,18,"U",TRUE,"14","arg","D","3"
"GermanTexts/H/U_CD_2_arg_D_C_1.txt",4.94444444444444,18,"U",TRUE,"2","arg","D","1"
"GermanTexts/H/U_CD_6_narr_D_C_3.txt",4.83333333333333,18,"U",TRUE,"6","narr","D","3"
"GermanTexts/H/U_CD_8_arg_D_C_1.txt",6.5,18,"U",TRUE,"8","arg","D","1"
"GermanTexts/H/U_CD_8_narr_D_C_2.txt",5.77777777777778,18,"U",TRUE,"8","narr","D","2"
"GermanTexts/H/U_CD_9_arg_D_C_2.txt",6,18,"U",TRUE,"9","arg","D","2"
"GermanTexts/H/V_CD_12_arg_D_C_2.txt",6.11111111111111,18,"V",TRUE,"12","arg","D","2"
"GermanTexts/H/V_CD_12_narr_D_C_1.txt",5.27777777777778,18,"V",TRUE,"12","narr","D","1"
"GermanTexts/H/V_CD_19_arg_D_C_2.txt",7.11111111111111,18,"V",TRUE,"19","arg","D","2"
"GermanTexts/H/V_CD_29_arg_D_C_1.txt",3.72222222222222,18,"V",TRUE,"29","arg","D","1"
"GermanTexts/H/V_CD_2_narr_D_C_2.txt",3.5,18,"V",TRUE,"2","narr","D","2"
"GermanTexts/H/X_PND_1_narr_D_C_1.txt",4.11111111111111,18,"X",FALSE,"1","narr","D","1"
"GermanTexts/I/AC_PLD_4_narr_D_C_1.txt",4.36363636363636,11,"AC",FALSE,"4","narr","D","1"
"GermanTexts/I/E_PLD_11_arg_D_C_2.txt",3.63636363636364,11,"E",FALSE,"11","arg","D","2"
"GermanTexts/I/E_PLD_12_arg_D_C_2.txt",3.45454545454545,11,"E",FALSE,"12","arg","D","2"
"GermanTexts/I/E_PLD_18_arg_D_C_3.txt",4,11,"E",FALSE,"18","arg","D","3"
"GermanTexts/I/E_PLD_5_arg_D_C_1.txt",2.81818181818182,11,"E",FALSE,"5","arg","D","1"
"GermanTexts/I/E_PLD_7_arg_D_C_1.txt",4.09090909090909,11,"E",FALSE,"7","arg","D","1"
"GermanTexts/I/E_PLD_8_narr_D_C_1.txt",5.18181818181818,11,"E",FALSE,"8","narr","D","1"
"GermanTexts/I/E_PLD_9_narr_D_C_2.txt",4.54545454545455,11,"E",FALSE,"9","narr","D","2"
"GermanTexts/I/E_PLD_9_narr_D_C_3.txt",5.09090909090909,11,"E",FALSE,"9","narr","D","3"
"GermanTexts/I/F_PLD_8_arg_D_C_3.txt",4.45454545454545,11,"F",FALSE,"8","arg","D","3"
"GermanTexts/I/H_PLD_6_arg_D_C_1.txt",4.27272727272727,11,"H",FALSE,"6","arg","D","1"
"GermanTexts/I/H_PLD_9_narr_D_C_3.txt",6.45454545454545,11,"H",FALSE,"9","narr","D","3"
"GermanTexts/I/I_PLD_3_narr_D_C_1.txt",4.36363636363636,11,"I",FALSE,"3","narr","D","1"
"GermanTexts/I/J_PLD_4_narr_D_C_2.txt",5.18181818181818,11,"J",FALSE,"4","narr","D","2"
"GermanTexts/I/J_PLD_8_arg_D_C_2.txt",6.81818181818182,11,"J",FALSE,"8","arg","D","2"
"GermanTexts/I/L_PLD_18_narr_D_C_3.txt",3.36363636363636,11,"L",FALSE,"18","narr","D","3"
"GermanTexts/I/L_PLD_3_narr_D_C_2.txt",4.36363636363636,11,"L",FALSE,"3","narr","D","2"
"GermanTexts/I/L_PLD_7_narr_D_C_2.txt",3.90909090909091,11,"L",FALSE,"7","narr","D","2"
"GermanTexts/I/L_PLD_8_arg_D_C_1.txt",5.36363636363636,11,"L",FALSE,"8","arg","D","1"
"GermanTexts/I/M_PLD_3_arg_D_C_1.txt",4.90909090909091,11,"M",FALSE,"3","arg","D","1"
"GermanTexts/I/M_PLD_3_narr_D_C_2.txt",3.63636363636364,11,"M",FALSE,"3","narr","D","2"
"GermanTexts/I/M_PLD_7_narr_D_C_3.txt",4.72727272727273,11,"M",FALSE,"7","narr","D","3"
"GermanTexts/I/N_CD_13_narr_D_C_1.txt",3.72727272727273,11,"N",TRUE,"13","narr","D","1"
"GermanTexts/I/N_CD_17_arg_D_C_3.txt",5.90909090909091,11,"N",TRUE,"17","arg","D","3"
"GermanTexts/I/N_CD_6_arg_D_C_1.txt",7,11,"N",TRUE,"6","arg","D","1"
"GermanTexts/I/O_PLD_10_arg_D_C_2.txt",4.27272727272727,11,"O",FALSE,"10","arg","D","2"
"GermanTexts/I/O_PLD_12_arg_D_C_3.txt",6.09090909090909,11,"O",FALSE,"12","arg","D","3"
"GermanTexts/I/O_PLD_14_narr_D_C_2.txt",5.45454545454545,11,"O",FALSE,"14","narr","D","2"
"GermanTexts/I/O_PLD_4_narr_D_C_1.txt",4.72727272727273,11,"O",FALSE,"4","narr","D","1"
"GermanTexts/I/O_PLD_6_arg_D_C_3.txt",4.36363636363636,11,"O",FALSE,"6","arg","D","3"
"GermanTexts/I/S_CD_11_arg_D_C_1.txt",6.72727272727273,11,"S",TRUE,"11","arg","D","1"
"GermanTexts/I/S_CD_14_narr_D_C_2.txt",5.09090909090909,11,"S",TRUE,"14","narr","D","2"
"GermanTexts/I/S_CD_7_arg_D_C_2.txt",4.90909090909091,11,"S",TRUE,"7","arg","D","2"
"GermanTexts/I/S_CD_9_arg_D_C_3.txt",4.81818181818182,11,"S",TRUE,"9","arg","D","3"
"GermanTexts/I/U_CD_11_arg_D_C_2.txt",5.54545454545455,11,"U",TRUE,"11","arg","D","2"
"GermanTexts/I/U_CD_13_narr_D_C_1.txt",4.45454545454545,11,"U",TRUE,"13","narr","D","1"
"GermanTexts/I/V_CD_11_narr_D_C_2.txt",5.18181818181818,11,"V",TRUE,"11","narr","D","2"
"GermanTexts/I/V_CD_13_narr_D_C_2.txt",5,11,"V",TRUE,"13","narr","D","2"
"GermanTexts/I/V_CD_22_narr_D_C_3.txt",4.36363636363636,11,"V",TRUE,"22","narr","D","3"
"GermanTexts/I/V_CD_23_arg_D_C_1.txt",5.63636363636364,11,"V",TRUE,"23","arg","D","1"
"GermanTexts/I/V_CD_24_narr_D_C_3.txt",6.27272727272727,11,"V",TRUE,"24","narr","D","3"
"GermanTexts/I/V_CD_26_narr_D_C_3.txt",5.36363636363636,11,"V",TRUE,"26","narr","D","3"
"GermanTexts/I/V_CD_28_arg_D_C_3.txt",6.18181818181818,11,"V",TRUE,"28","arg","D","3"
"GermanTexts/I/V_CD_30_narr_D_C_1.txt",4.90909090909091,11,"V",TRUE,"30","narr","D","1"
"GermanTexts/I/V_CD_31_arg_D_C_1.txt",4.27272727272727,11,"V",TRUE,"31","arg","D","1"
"GermanTexts/I/V_CD_3_arg_D_C_2.txt",3.72727272727273,11,"V",TRUE,"3","arg","D","2"
"GermanTexts/I/V_CD_3_narr_D_C_3.txt",5.18181818181818,11,"V",TRUE,"3","narr","D","3"
"GermanTexts/I/V_CD_6_arg_D_C_2.txt",6.45454545454545,11,"V",TRUE,"6","arg","D","2"
"GermanTexts/I/V_CD_9_arg_D_C_3.txt",7.36363636363636,11,"V",TRUE,"9","arg","D","3"
"GermanTexts/I/X_PND_3_narr_D_C_1.txt",3.54545454545455,11,"X",FALSE,"3","narr","D","1"
"GermanTexts/I/X_PND_4_arg_D_C_3.txt",5.18181818181818,11,"X",FALSE,"4","arg","D","3"
"GermanTexts/J/AB_PLD_1_arg_D_C_1.txt",3.66666666666667,15,"AB",FALSE,"1","arg","D","1"
"GermanTexts/J/AB_PLD_1_narr_D_C_1.txt",4.26666666666667,15,"AB",FALSE,"1","narr","D","1"
"GermanTexts/J/AB_PLD_3_arg_D_C_2.txt",5.13333333333333,15,"AB",FALSE,"3","arg","D","2"
"GermanTexts/J/AC_PLD_1_narr_D_C_1.txt",6.13333333333333,15,"AC",FALSE,"1","narr","D","1"
"GermanTexts/J/AG_PLD_2_arg_D_C_1.txt",3.33333333333333,15,"AG",FALSE,"2","arg","D","1"
"GermanTexts/J/E_PLD_13_narr_D_C_3.txt",6.06666666666667,15,"E",FALSE,"13","narr","D","3"
"GermanTexts/J/E_PLD_14_arg_D_C_3.txt",5.53333333333333,15,"E",FALSE,"14","arg","D","3"
"GermanTexts/J/E_PLD_1_narr_D_C_3.txt",4.93333333333333,15,"E",FALSE,"1","narr","D","3"
"GermanTexts/J/F_PLD_1_arg_D_C_3.txt",5.33333333333333,15,"F",FALSE,"1","arg","D","3"
"GermanTexts/J/F_PLD_8_narr_D_C_2.txt",4.8,15,"F",FALSE,"8","narr","D","2"
"GermanTexts/J/F_PLD_9_narr_D_C_2.txt",3.73333333333333,15,"F",FALSE,"9","narr","D","2"
"GermanTexts/J/H_PLD_1_narr_D_C_1.txt",2.66666666666667,15,"H",FALSE,"1","narr","D","1"
"GermanTexts/J/H_PLD_2_narr_D_C_2.txt",5.73333333333333,15,"H",FALSE,"2","narr","D","2"
"GermanTexts/J/H_PLD_4_arg_D_C_2.txt",4.4,15,"H",FALSE,"4","arg","D","2"
"GermanTexts/J/I_PLD_2_narr_D_C_1.txt",4.33333333333333,15,"I",FALSE,"2","narr","D","1"
"GermanTexts/J/I_PLD_3_arg_D_C_2.txt",4.26666666666667,15,"I",FALSE,"3","arg","D","2"
"GermanTexts/J/J_PLD_3_narr_D_C_2.txt",5.26666666666667,15,"J",FALSE,"3","narr","D","2"
"GermanTexts/J/J_PLD_4_narr_D_C_3.txt",6.33333333333333,15,"J",FALSE,"4","narr","D","3"
"GermanTexts/J/J_PLD_5_narr_D_C_3.txt",5.73333333333333,15,"J",FALSE,"5","narr","D","3"
"GermanTexts/J/L_PLD_13_arg_D_C_1.txt",4.6,15,"L",FALSE,"13","arg","D","1"
"GermanTexts/J/L_PLD_17_arg_D_C_3.txt",5.26666666666667,15,"L",FALSE,"17","arg","D","3"
"GermanTexts/J/L_PLD_9_arg_D_C_3.txt",4.66666666666667,15,"L",FALSE,"9","arg","D","3"
"GermanTexts/J/M_PLD_4_arg_D_C_1.txt",3.93333333333333,15,"M",FALSE,"4","arg","D","1"
"GermanTexts/J/N_CD_16_arg_D_C_3.txt",6.73333333333333,15,"N",TRUE,"16","arg","D","3"
"GermanTexts/J/N_CD_16_narr_D_C_2.txt",5.6,15,"N",TRUE,"16","narr","D","2"
"GermanTexts/J/N_CD_19_arg_D_C_2.txt",4.53333333333333,15,"N",TRUE,"19","arg","D","2"
"GermanTexts/J/N_CD_19_arg_D_C_3.txt",6.13333333333333,15,"N",TRUE,"19","arg","D","3"
"GermanTexts/J/N_CD_20_arg_D_C_3.txt",5.46666666666667,15,"N",TRUE,"20","arg","D","3"
"GermanTexts/J/N_CD_5_arg_D_C_2.txt",7.33333333333333,15,"N",TRUE,"5","arg","D","2"
"GermanTexts/J/N_CD_7_narr_D_C_1.txt",3.8,15,"N",TRUE,"7","narr","D","1"
"GermanTexts/J/N_CD_9_narr_D_C_2.txt",7.6,15,"N",TRUE,"9","narr","D","2"
"GermanTexts/J/O_PLD_10_arg_D_C_1.txt",3.13333333333333,15,"O",FALSE,"10","arg","D","1"
"GermanTexts/J/O_PLD_13_narr_D_C_2.txt",5.8,15,"O",FALSE,"13","narr","D","2"
"GermanTexts/J/O_PLD_17_narr_D_C_2.txt",4.6,15,"O",FALSE,"17","narr","D","2"
"GermanTexts/J/O_PLD_19_arg_D_C_2.txt",5.86666666666667,15,"O",FALSE,"19","arg","D","2"
"GermanTexts/J/O_PLD_19_arg_D_C_3.txt",6.73333333333333,15,"O",FALSE,"19","arg","D","3"
"GermanTexts/J/S_CD_12_arg_D_C_1.txt",3.33333333333333,15,"S",TRUE,"12","arg","D","1"
"GermanTexts/J/S_CD_1_narr_D_C_3.txt",5.73333333333333,15,"S",TRUE,"1","narr","D","3"
"GermanTexts/J/S_CD_3_arg_D_C_3.txt",4.13333333333333,15,"S",TRUE,"3","arg","D","3"
"GermanTexts/J/S_CD_5_narr_D_C_1.txt",3.86666666666667,15,"S",TRUE,"5","narr","D","1"
"GermanTexts/J/U_CD_14_arg_D_C_1.txt",5.06666666666667,15,"U",TRUE,"14","arg","D","1"
"GermanTexts/J/U_CD_14_narr_D_C_3.txt",7.33333333333333,15,"U",TRUE,"14","narr","D","3"
"GermanTexts/J/V_CD_11_arg_D_C_1.txt",6,15,"V",TRUE,"11","arg","D","1"
"GermanTexts/J/V_CD_14_arg_D_C_2.txt",4.86666666666667,15,"V",TRUE,"14","arg","D","2"
"GermanTexts/J/V_CD_14_narr_D_C_3.txt",4.26666666666667,15,"V",TRUE,"14","narr","D","3"
"GermanTexts/J/V_CD_17_narr_D_C_1.txt",5.33333333333333,15,"V",TRUE,"17","narr","D","1"
"GermanTexts/J/V_CD_18_arg_D_C_1.txt",5.86666666666667,15,"V",TRUE,"18","arg","D","1"
"GermanTexts/J/V_CD_21_arg_D_C_2.txt",7.2,15,"V",TRUE,"21","arg","D","2"
"GermanTexts/J/V_CD_30_narr_D_C_2.txt",5.53333333333333,15,"V",TRUE,"30","narr","D","2"
"GermanTexts/J/V_CD_7_arg_D_C_2.txt",4.86666666666667,15,"V",TRUE,"7","arg","D","2"
"GermanTexts/J/X_PND_3_narr_D_C_2.txt",5.93333333333333,15,"X",FALSE,"3","narr","D","2"
"GermanTexts/K/AC_PLD_6_narr_D_C_2.txt",5.4375,16,"AC",FALSE,"6","narr","D","2"
"GermanTexts/K/E_PLD_12_arg_D_C_1.txt",4.0625,16,"E",FALSE,"12","arg","D","1"
"GermanTexts/K/E_PLD_14_narr_D_C_1.txt",3.75,16,"E",FALSE,"14","narr","D","1"
"GermanTexts/K/E_PLD_16_narr_D_C_2.txt",4.6875,16,"E",FALSE,"16","narr","D","2"
"GermanTexts/K/E_PLD_5_arg_D_C_2.txt",4.5625,16,"E",FALSE,"5","arg","D","2"
"GermanTexts/K/E_PLD_8_arg_D_C_1.txt",3.4375,16,"E",FALSE,"8","arg","D","1"
"GermanTexts/K/F_PLD_4_arg_D_C_3.txt",7,15,"F",FALSE,"4","arg","D","3"
"GermanTexts/K/F_PLD_7_narr_D_C_2.txt",3.8125,16,"F",FALSE,"7","narr","D","2"
"GermanTexts/K/I_PLD_2_arg_D_C_2.txt",3.375,16,"I",FALSE,"2","arg","D","2"
"GermanTexts/K/I_PLD_3_arg_D_C_1.txt",4.5625,16,"I",FALSE,"3","arg","D","1"
"GermanTexts/K/I_PLD_3_arg_D_C_3.txt",5.5625,16,"I",FALSE,"3","arg","D","3"
"GermanTexts/K/I_PLD_4_arg_D_C_2.txt",4.5,16,"I",FALSE,"4","arg","D","2"
"GermanTexts/K/J_PLD_6_arg_D_C_2.txt",5.375,16,"J",FALSE,"6","arg","D","2"
"GermanTexts/K/J_PLD_8_narr_D_C_3.txt",4.0625,16,"J",FALSE,"8","narr","D","3"
"GermanTexts/K/L_PLD_10_narr_D_C_2.txt",4.3125,16,"L",FALSE,"10","narr","D","2"
"GermanTexts/K/L_PLD_11_narr_D_C_2.txt",3.25,16,"L",FALSE,"11","narr","D","2"
"GermanTexts/K/L_PLD_12_arg_D_C_3.txt",5.875,16,"L",FALSE,"12","arg","D","3"
"GermanTexts/K/L_PLD_15_narr_D_C_1.txt",2.75,16,"L",FALSE,"15","narr","D","1"
"GermanTexts/K/L_PLD_2_arg_D_C_1.txt",2.375,16,"L",FALSE,"2","arg","D","1"
"GermanTexts/K/L_PLD_5_narr_D_C_1.txt",2.3125,16,"L",FALSE,"5","narr","D","1"
"GermanTexts/K/L_PLD_5_narr_D_C_3.txt",5.5625,16,"L",FALSE,"5","narr","D","3"
"GermanTexts/K/L_PLD_6_narr_D_C_1.txt",5.25,16,"L",FALSE,"6","narr","D","1"
"GermanTexts/K/M_PLD_10_arg_D_C_3.txt",5.0625,16,"M",FALSE,"10","arg","D","3"
"GermanTexts/K/M_PLD_11_arg_D_C_1.txt",4.9375,16,"M",FALSE,"11","arg","D","1"
"GermanTexts/K/M_PLD_1_narr_D_C_3.txt",3.5,16,"M",FALSE,"1","narr","D","3"
"GermanTexts/K/M_PLD_8_narr_D_C_1.txt",3,16,"M",FALSE,"8","narr","D","1"
"GermanTexts/K/N_CD_13_arg_D_C_2.txt",4.6875,16,"N",TRUE,"13","arg","D","2"
"GermanTexts/K/N_CD_16_arg_D_C_1.txt",5.1875,16,"N",TRUE,"16","arg","D","1"
"GermanTexts/K/N_CD_19_narr_D_C_2.txt",6.1875,16,"N",TRUE,"19","narr","D","2"
"GermanTexts/K/N_CD_4_arg_D_C_3.txt",6.5,16,"N",TRUE,"4","arg","D","3"
"GermanTexts/K/N_CD_5_arg_D_C_1.txt",7.0625,16,"N",TRUE,"5","arg","D","1"
"GermanTexts/K/O_PLD_4_arg_D_C_3.txt",6.125,16,"O",FALSE,"4","arg","D","3"
"GermanTexts/K/O_PLD_4_narr_D_C_3.txt",4.75,16,"O",FALSE,"4","narr","D","3"
"GermanTexts/K/S_CD_13_arg_D_C_2.txt",5.1875,16,"S",TRUE,"13","arg","D","2"
"GermanTexts/K/S_CD_14_narr_D_C_3.txt",4.86666666666667,15,"S",TRUE,"14","narr","D","3"
"GermanTexts/K/S_CD_4_narr_D_C_2.txt",3.0625,16,"S",TRUE,"4","narr","D","2"
"GermanTexts/K/S_CD_9_narr_D_C_1.txt",3.75,16,"S",TRUE,"9","narr","D","1"
"GermanTexts/K/U_CD_1_arg_D_C_2.txt",4.5,16,"U",TRUE,"1","arg","D","2"
"GermanTexts/K/U_CD_2_arg_D_C_3.txt",4.3125,16,"U",TRUE,"2","arg","D","3"
"GermanTexts/K/U_CD_8_narr_D_C_1.txt",4.875,16,"U",TRUE,"8","narr","D","1"
"GermanTexts/K/U_CD_9_arg_D_C_3.txt",8,16,"U",TRUE,"9","arg","D","3"
"GermanTexts/K/U_CD_9_narr_D_C_2.txt",6.0625,16,"U",TRUE,"9","narr","D","2"
"GermanTexts/K/V_CD_17_arg_D_C_1.txt",4.875,16,"V",TRUE,"17","arg","D","1"
"GermanTexts/K/V_CD_19_arg_D_C_1.txt",5.8125,16,"V",TRUE,"19","arg","D","1"
"GermanTexts/K/V_CD_1_narr_D_C_2.txt",3.875,16,"V",TRUE,"1","narr","D","2"
"GermanTexts/K/V_CD_20_arg_D_C_3.txt",5.5,16,"V",TRUE,"20","arg","D","3"
"GermanTexts/K/V_CD_24_narr_D_C_2.txt",7.6875,16,"V",TRUE,"24","narr","D","2"
"GermanTexts/K/V_CD_25_narr_D_C_1.txt",4.6875,16,"V",TRUE,"25","narr","D","1"
"GermanTexts/K/V_CD_27_narr_D_C_3.txt",6.125,16,"V",TRUE,"27","narr","D","3"
"GermanTexts/K/V_CD_8_narr_D_C_3.txt",4.1875,16,"V",TRUE,"8","narr","D","3"
"GermanTexts/K/V_CD_9_narr_D_C_3.txt",6,15,"V",TRUE,"9","narr","D","3"
"GermanTexts/L/AB_PLD_3_narr_D_C_3.txt",6.05555555555556,18,"AB",FALSE,"3","narr","D","3"
"GermanTexts/L/AG_PLD_2_narr_D_C_3.txt",4.22222222222222,18,"AG",FALSE,"2","narr","D","3"
"GermanTexts/L/E_PLD_10_arg_D_C_2.txt",4.16666666666667,18,"E",FALSE,"10","arg","D","2"
"GermanTexts/L/E_PLD_7_arg_D_C_2.txt",3.11111111111111,18,"E",FALSE,"7","arg","D","2"
"GermanTexts/L/E_PLD_7_narr_D_C_2.txt",4.16666666666667,18,"E",FALSE,"7","narr","D","2"
"GermanTexts/L/F_PLD_6_arg_D_C_2.txt",4.27777777777778,18,"F",FALSE,"6","arg","D","2"
"GermanTexts/L/H_PLD_2_arg_D_C_2.txt",6.11111111111111,18,"H",FALSE,"2","arg","D","2"
"GermanTexts/L/H_PLD_2_narr_D_C_3.txt",5,18,"H",FALSE,"2","narr","D","3"
"GermanTexts/L/H_PLD_4_narr_D_C_2.txt",3.66666666666667,18,"H",FALSE,"4","narr","D","2"
"GermanTexts/L/H_PLD_7_narr_D_C_1.txt",4.44444444444444,18,"H",FALSE,"7","narr","D","1"
"GermanTexts/L/I_PLD_3_narr_D_C_3.txt",5.11111111111111,18,"I",FALSE,"3","narr","D","3"
"GermanTexts/L/J_PLD_4_narr_D_C_1.txt",6.05555555555556,18,"J",FALSE,"4","narr","D","1"
"GermanTexts/L/J_PLD_8_narr_D_C_1.txt",5.22222222222222,18,"J",FALSE,"8","narr","D","1"
"GermanTexts/L/L_PLD_10_arg_D_C_1.txt",2.83333333333333,18,"L",FALSE,"10","arg","D","1"
"GermanTexts/L/L_PLD_13_arg_D_C_3.txt",4.16666666666667,18,"L",FALSE,"13","arg","D","3"
"GermanTexts/L/L_PLD_17_arg_D_C_1.txt",3.05555555555556,18,"L",FALSE,"17","arg","D","1"
"GermanTexts/L/L_PLD_6_narr_D_C_2.txt",6.44444444444444,18,"L",FALSE,"6","narr","D","2"
"GermanTexts/L/M_PLD_10_narr_D_C_1.txt",3.83333333333333,18,"M",FALSE,"10","narr","D","1"
"GermanTexts/L/M_PLD_11_narr_D_C_2.txt",4.33333333333333,18,"M",FALSE,"11","narr","D","2"
"GermanTexts/L/M_PLD_14_narr_D_C_2.txt",4.27777777777778,18,"M",FALSE,"14","narr","D","2"
"GermanTexts/L/M_PLD_2_arg_D_C_3.txt",4.44444444444444,18,"M",FALSE,"2","arg","D","3"
"GermanTexts/L/M_PLD_9_narr_D_C_3.txt",5,18,"M",FALSE,"9","narr","D","3"
"GermanTexts/L/N_CD_16_narr_D_C_1.txt",6.22222222222222,18,"N",TRUE,"16","narr","D","1"
"GermanTexts/L/N_CD_19_arg_D_C_1.txt",3.22222222222222,18,"N",TRUE,"19","arg","D","1"
"GermanTexts/L/N_CD_20_arg_D_C_1.txt",4.33333333333333,18,"N",TRUE,"20","arg","D","1"
"GermanTexts/L/N_CD_20_narr_D_C_1.txt",5.72222222222222,18,"N",TRUE,"20","narr","D","1"
"GermanTexts/L/N_CD_6_narr_D_C_3.txt",6.38888888888889,18,"N",TRUE,"6","narr","D","3"
"GermanTexts/L/N_CD_7_arg_D_C_2.txt",5.5,18,"N",TRUE,"7","arg","D","2"
"GermanTexts/L/N_CD_8_arg_D_C_3.txt",4.83333333333333,18,"N",TRUE,"8","arg","D","3"
"GermanTexts/L/N_CD_8_narr_D_C_2.txt",5.55555555555556,18,"N",TRUE,"8","narr","D","2"
"GermanTexts/L/O_PLD_13_arg_D_C_1.txt",5,18,"O",FALSE,"13","arg","D","1"
"GermanTexts/L/O_PLD_14_arg_D_C_2.txt",5.72222222222222,18,"O",FALSE,"14","arg","D","2"
"GermanTexts/L/O_PLD_16_arg_D_C_1.txt",6.88888888888889,18,"O",FALSE,"16","arg","D","1"
"GermanTexts/L/O_PLD_17_arg_D_C_3.txt",6.38888888888889,18,"O",FALSE,"17","arg","D","3"
"GermanTexts/L/O_PLD_5_arg_D_C_3.txt",4.22222222222222,18,"O",FALSE,"5","arg","D","3"
"GermanTexts/L/O_PLD_9_arg_D_C_1.txt",3.66666666666667,18,"O",FALSE,"9","arg","D","1"
"GermanTexts/L/S_CD_10_narr_D_C_3.txt",4.94444444444444,18,"S",TRUE,"10","narr","D","3"
"GermanTexts/L/S_CD_11_arg_D_C_2.txt",6.83333333333333,18,"S",TRUE,"11","arg","D","2"
"GermanTexts/L/S_CD_12_narr_D_C_3.txt",6.72222222222222,18,"S",TRUE,"12","narr","D","3"
"GermanTexts/L/S_CD_7_arg_D_C_3.txt",5.05555555555556,18,"S",TRUE,"7","arg","D","3"
"GermanTexts/L/U_CD_10_arg_D_C_3.txt",6.44444444444444,18,"U",TRUE,"10","arg","D","3"
"GermanTexts/L/U_CD_12_arg_D_C_1.txt",5.11111111111111,18,"U",TRUE,"12","arg","D","1"
"GermanTexts/L/U_CD_7_narr_D_C_3.txt",6.55555555555556,18,"U",TRUE,"7","narr","D","3"
"GermanTexts/L/U_CD_8_arg_D_C_2.txt",5.72222222222222,18,"U",TRUE,"8","arg","D","2"
"GermanTexts/L/V_CD_13_arg_D_C_1.txt",5.44444444444444,18,"V",TRUE,"13","arg","D","1"
"GermanTexts/L/V_CD_15_narr_D_C_2.txt",5.05555555555556,18,"V",TRUE,"15","narr","D","2"
"GermanTexts/L/V_CD_16_narr_D_C_2.txt",5,18,"V",TRUE,"16","narr","D","2"
"GermanTexts/L/V_CD_18_narr_D_C_2.txt",7.88888888888889,18,"V",TRUE,"18","narr","D","2"
"GermanTexts/L/V_CD_26_narr_D_C_1.txt",4.16666666666667,18,"V",TRUE,"26","narr","D","1"
"GermanTexts/L/V_CD_3_narr_D_C_2.txt",4.61111111111111,18,"V",TRUE,"3","narr","D","2"
"GermanTexts/L/X_PND_2_narr_D_C_1.txt",4.83333333333333,18,"X",FALSE,"2","narr","D","1"
"GermanTexts/M/AB_PLD_5_arg_D_C_3.txt",5.35714285714286,14,"AB",FALSE,"5","arg","D","3"
"GermanTexts/M/AC_PLD_1_narr_D_C_3.txt",7,14,"AC",FALSE,"1","narr","D","3"
"GermanTexts/M/AC_PLD_4_arg_D_C_1.txt",4.64285714285714,14,"AC",FALSE,"4","arg","D","1"
"GermanTexts/M/AC_PLD_7_narr_D_C_1.txt",3.57142857142857,14,"AC",FALSE,"7","narr","D","1"
"GermanTexts/M/AF_PLD_1_arg_D_C_2.txt",6,14,"AF",FALSE,"1","arg","D","2"
"GermanTexts/M/E_PLD_1_arg_D_C_2.txt",4.21428571428571,14,"E",FALSE,"1","arg","D","2"
"GermanTexts/M/E_PLD_2_arg_D_C_1.txt",2.5,14,"E",FALSE,"2","arg","D","1"
"GermanTexts/M/E_PLD_4_arg_D_C_1.txt",3.92857142857143,14,"E",FALSE,"4","arg","D","1"
"GermanTexts/M/E_PLD_8_narr_D_C_2.txt",7.14285714285714,14,"E",FALSE,"8","narr","D","2"
"GermanTexts/M/F_PLD_1_arg_D_C_2.txt",3.5,14,"F",FALSE,"1","arg","D","2"
"GermanTexts/M/F_PLD_4_arg_D_C_2.txt",3,14,"F",FALSE,"4","arg","D","2"
"GermanTexts/M/F_PLD_9_arg_D_C_3.txt",4.21428571428571,14,"F",FALSE,"9","arg","D","3"
"GermanTexts/M/H_PLD_12_arg_D_C_1.txt",2.71428571428571,14,"H",FALSE,"12","arg","D","1"
"GermanTexts/M/H_PLD_7_narr_D_C_3.txt",6.28571428571429,14,"H",FALSE,"7","narr","D","3"
"GermanTexts/M/J_PLD_8_arg_D_C_3.txt",7.28571428571429,14,"J",FALSE,"8","arg","D","3"
"GermanTexts/M/L_PLD_12_arg_D_C_2.txt",6.85714285714286,14,"L",FALSE,"12","arg","D","2"
"GermanTexts/M/L_PLD_13_narr_D_C_2.txt",3.64285714285714,14,"L",FALSE,"13","narr","D","2"
"GermanTexts/M/L_PLD_17_narr_D_C_2.txt",3.14285714285714,14,"L",FALSE,"17","narr","D","2"
"GermanTexts/M/L_PLD_4_narr_D_C_3.txt",4.21428571428571,14,"L",FALSE,"4","narr","D","3"
"GermanTexts/M/M_PLD_12_arg_D_C_3.txt",6.71428571428571,14,"M",FALSE,"12","arg","D","3"
"GermanTexts/M/M_PLD_14_arg_D_C_3.txt",4.42857142857143,14,"M",FALSE,"14","arg","D","3"
"GermanTexts/M/M_PLD_16_arg_D_C_2.txt",3.71428571428571,14,"M",FALSE,"16","arg","D","2"
"GermanTexts/M/M_PLD_1_arg_D_C_1.txt",4,14,"M",FALSE,"1","arg","D","1"
"GermanTexts/M/N_CD_13_arg_D_C_3.txt",6.64285714285714,14,"N",TRUE,"13","arg","D","3"
"GermanTexts/M/N_CD_18_arg_D_C_1.txt",4.07142857142857,14,"N",TRUE,"18","arg","D","1"
"GermanTexts/M/N_CD_2_arg_D_C_1.txt",5.92857142857143,14,"N",TRUE,"2","arg","D","1"
"GermanTexts/M/N_CD_2_arg_D_C_3.txt",5.21428571428571,14,"N",TRUE,"2","arg","D","3"
"GermanTexts/M/N_CD_4_arg_D_C_2.txt",5.42857142857143,14,"N",TRUE,"4","arg","D","2"
"GermanTexts/M/N_CD_9_narr_D_C_1.txt",7.14285714285714,14,"N",TRUE,"9","narr","D","1"
"GermanTexts/M/O_PLD_10_narr_D_C_1.txt",3,14,"O",FALSE,"10","narr","D","1"
"GermanTexts/M/O_PLD_14_narr_D_C_3.txt",6.78571428571429,14,"O",FALSE,"14","narr","D","3"
"GermanTexts/M/O_PLD_4_narr_D_C_2.txt",4,14,"O",FALSE,"4","narr","D","2"
"GermanTexts/M/O_PLD_7_arg_D_C_1.txt",4.92857142857143,14,"O",FALSE,"7","arg","D","1"
"GermanTexts/M/O_PLD_9_narr_D_C_1.txt",3.07142857142857,14,"O",FALSE,"9","narr","D","1"
"GermanTexts/M/S_CD_4_narr_D_C_1.txt",3.42857142857143,14,"S",TRUE,"4","narr","D","1"
"GermanTexts/M/S_CD_9_narr_D_C_3.txt",5.28571428571429,14,"S",TRUE,"9","narr","D","3"
"GermanTexts/M/U_CD_10_arg_D_C_1.txt",6,14,"U",TRUE,"10","arg","D","1"
"GermanTexts/M/U_CD_12_narr_D_C_1.txt",4.92857142857143,14,"U",TRUE,"12","narr","D","1"
"GermanTexts/M/U_CD_15_arg_D_C_2.txt",6,14,"U",TRUE,"15","arg","D","2"
"GermanTexts/M/U_CD_2_narr_D_C_2.txt",3.64285714285714,14,"U",TRUE,"2","narr","D","2"
"GermanTexts/M/U_CD_4_arg_D_C_1.txt",4,14,"U",TRUE,"4","arg","D","1"
"GermanTexts/M/V_CD_12_narr_D_C_3.txt",6.07692307692308,13,"V",TRUE,"12","narr","D","3"
"GermanTexts/M/V_CD_13_arg_D_C_2.txt",6.14285714285714,14,"V",TRUE,"13","arg","D","2"
"GermanTexts/M/V_CD_18_arg_D_C_3.txt",7.35714285714286,14,"V",TRUE,"18","arg","D","3"
"GermanTexts/M/V_CD_20_narr_D_C_3.txt",6.21428571428571,14,"V",TRUE,"20","narr","D","3"
"GermanTexts/M/V_CD_26_arg_D_C_2.txt",4.35714285714286,14,"V",TRUE,"26","arg","D","2"
"GermanTexts/M/V_CD_27_narr_D_C_2.txt",4.92857142857143,14,"V",TRUE,"27","narr","D","2"
"GermanTexts/M/V_CD_31_narr_D_C_2.txt",4.42857142857143,14,"V",TRUE,"31","narr","D","2"
"GermanTexts/M/V_CD_3_arg_D_C_3.txt",7.21428571428571,14,"V",TRUE,"3","arg","D","3"
"GermanTexts/M/V_CD_7_narr_D_C_2.txt",5.64285714285714,14,"V",TRUE,"7","narr","D","2"
"GermanTexts/M/X_PND_4_narr_D_C_1.txt",4.07142857142857,14,"X",FALSE,"4","narr","D","1"
"GermanTexts/N/AB_PLD_1_arg_D_C_2.txt",4.11764705882353,17,"AB",FALSE,"1","arg","D","2"
"GermanTexts/N/AB_PLD_5_narr_D_C_3.txt",5.52941176470588,17,"AB",FALSE,"5","narr","D","3"
"GermanTexts/N/AB_PLD_6_arg_D_C_2.txt",2.94117647058824,17,"AB",FALSE,"6","arg","D","2"
"GermanTexts/N/AB_PLD_8_arg_D_C_1.txt",4.64705882352941,17,"AB",FALSE,"8","arg","D","1"
"GermanTexts/N/AC_PLD_1_arg_D_C_3.txt",4.70588235294118,17,"AC",FALSE,"1","arg","D","3"
"GermanTexts/N/AC_PLD_5_arg_D_C_1.txt",3.82352941176471,17,"AC",FALSE,"5","arg","D","1"
"GermanTexts/N/E_PLD_14_narr_D_C_2.txt",4.05882352941176,17,"E",FALSE,"14","narr","D","2"
"GermanTexts/N/F_PLD_3_arg_D_C_3.txt",6.29411764705882,17,"F",FALSE,"3","arg","D","3"
"GermanTexts/N/F_PLD_7_arg_D_C_2.txt",4.88235294117647,17,"F",FALSE,"7","arg","D","2"
"GermanTexts/N/H_PLD_12_narr_D_C_2.txt",5.47058823529412,17,"H",FALSE,"12","narr","D","2"
"GermanTexts/N/H_PLD_9_arg_D_C_3.txt",5.11764705882353,17,"H",FALSE,"9","arg","D","3"
"GermanTexts/N/J_PLD_5_narr_D_C_1.txt",5.17647058823529,17,"J",FALSE,"5","narr","D","1"
"GermanTexts/N/L_PLD_10_arg_D_C_2.txt",3.82352941176471,17,"L",FALSE,"10","arg","D","2"
"GermanTexts/N/L_PLD_13_narr_D_C_3.txt",4.70588235294118,17,"L",FALSE,"13","narr","D","3"
"GermanTexts/N/L_PLD_14_narr_D_C_1.txt",5.58823529411765,17,"L",FALSE,"14","narr","D","1"
"GermanTexts/N/L_PLD_2_narr_D_C_3.txt",3.94117647058824,17,"L",FALSE,"2","narr","D","3"
"GermanTexts/N/M_PLD_13_arg_D_C_1.txt",4.94117647058824,17,"M",FALSE,"13","arg","D","1"
"GermanTexts/N/M_PLD_14_narr_D_C_1.txt",4.76470588235294,17,"M",FALSE,"14","narr","D","1"
"GermanTexts/N/M_PLD_16_narr_D_C_2.txt",2.76470588235294,17,"M",FALSE,"16","narr","D","2"
"GermanTexts/N/M_PLD_1_arg_D_C_3.txt",4,17,"M",FALSE,"1","arg","D","3"
"GermanTexts/N/M_PLD_4_narr_D_C_3.txt",5.94117647058824,17,"M",FALSE,"4","narr","D","3"
"GermanTexts/N/M_PLD_6_narr_D_C_1.txt",4.11764705882353,17,"M",FALSE,"6","narr","D","1"
"GermanTexts/N/M_PLD_6_narr_D_C_2.txt",5,17,"M",FALSE,"6","narr","D","2"
"GermanTexts/N/M_PLD_9_arg_D_C_1.txt",2.82352941176471,17,"M",FALSE,"9","arg","D","1"
"GermanTexts/N/N_CD_13_narr_D_C_2.txt",3.5625,16,"N",TRUE,"13","narr","D","2"
"GermanTexts/N/N_CD_1_narr_D_C_1.txt",4.70588235294118,17,"N",TRUE,"1","narr","D","1"
"GermanTexts/N/N_CD_3_narr_D_C_3.txt",6.05882352941176,17,"N",TRUE,"3","narr","D","3"
"GermanTexts/N/O_PLD_11_narr_D_C_3.txt",6.52941176470588,17,"O",FALSE,"11","narr","D","3"
"GermanTexts/N/O_PLD_15_arg_D_C_2.txt",6.0625,16,"O",FALSE,"15","arg","D","2"
"GermanTexts/N/O_PLD_17_narr_D_C_3.txt",6.58823529411765,17,"O",FALSE,"17","narr","D","3"
"GermanTexts/N/O_PLD_1_arg_D_C_1.txt",4.76470588235294,17,"O",FALSE,"1","arg","D","1"
"GermanTexts/N/O_PLD_2_arg_D_C_1.txt",4.23529411764706,17,"O",FALSE,"2","arg","D","1"
"GermanTexts/N/S_CD_10_narr_D_C_2.txt",5,17,"S",TRUE,"10","narr","D","2"
"GermanTexts/N/S_CD_1_arg_D_C_2.txt",6.35294117647059,17,"S",TRUE,"1","arg","D","2"
"GermanTexts/N/S_CD_1_arg_D_C_3.txt",6.82352941176471,17,"S",TRUE,"1","arg","D","3"
"GermanTexts/N/S_CD_5_arg_D_C_1.txt",3.64705882352941,17,"S",TRUE,"5","arg","D","1"
"GermanTexts/N/S_CD_7_narr_D_C_3.txt",7.625,16,"S",TRUE,"7","narr","D","3"
"GermanTexts/N/U_CD_11_narr_D_C_1.txt",3.82352941176471,17,"U",TRUE,"11","narr","D","1"
"GermanTexts/N/U_CD_3_arg_D_C_1.txt",3.3125,16,"U",TRUE,"3","arg","D","1"
"GermanTexts/N/U_CD_5_narr_D_C_2.txt",6.29411764705882,17,"U",TRUE,"5","narr","D","2"
"GermanTexts/N/V_CD_11_narr_D_C_3.txt",6.41176470588235,17,"V",TRUE,"11","narr","D","3"
"GermanTexts/N/V_CD_12_arg_D_C_3.txt",6.88235294117647,17,"V",TRUE,"12","arg","D","3"
"GermanTexts/N/V_CD_16_arg_D_C_3.txt",7.58823529411765,17,"V",TRUE,"16","arg","D","3"
"GermanTexts/N/V_CD_1_arg_D_C_2.txt",4.82352941176471,17,"V",TRUE,"1","arg","D","2"
"GermanTexts/N/V_CD_20_arg_D_C_2.txt",5.41176470588235,17,"V",TRUE,"20","arg","D","2"
"GermanTexts/N/V_CD_20_narr_D_C_2.txt",4.17647058823529,17,"V",TRUE,"20","narr","D","2"
"GermanTexts/N/V_CD_24_arg_D_C_1.txt",6.29411764705882,17,"V",TRUE,"24","arg","D","1"
"GermanTexts/N/V_CD_26_arg_D_C_3.txt",5.64705882352941,17,"V",TRUE,"26","arg","D","3"
"GermanTexts/N/V_CD_27_arg_D_C_1.txt",5,17,"V",TRUE,"27","arg","D","1"
"GermanTexts/N/V_CD_4_arg_D_C_2.txt",5.05882352941176,17,"V",TRUE,"4","arg","D","2"
"GermanTexts/N/V_CD_8_narr_D_C_1.txt",4.35294117647059,17,"V",TRUE,"8","narr","D","1"
"GermanTexts/O/AB_PLD_2_arg_D_C_1.txt",3.4375,16,"AB",FALSE,"2","arg","D","1"
"GermanTexts/O/AB_PLD_5_narr_D_C_1.txt",4.0625,16,"AB",FALSE,"5","narr","D","1"
"GermanTexts/O/AB_PLD_7_arg_D_C_2.txt",4.625,16,"AB",FALSE,"7","arg","D","2"
"GermanTexts/O/AC_PLD_1_narr_D_C_2.txt",7.25,16,"AC",FALSE,"1","narr","D","2"
"GermanTexts/O/AC_PLD_3_arg_D_C_1.txt",4.625,16,"AC",FALSE,"3","arg","D","1"
"GermanTexts/O/AC_PLD_4_arg_D_C_3.txt",4.8125,16,"AC",FALSE,"4","arg","D","3"
"GermanTexts/O/AC_PLD_6_narr_D_C_1.txt",3.5,16,"AC",FALSE,"6","narr","D","1"
"GermanTexts/O/AF_PLD_2_arg_D_C_1.txt",5.5625,16,"AF",FALSE,"2","arg","D","1"
"GermanTexts/O/AF_PLD_2_narr_D_C_2.txt",6.875,16,"AF",FALSE,"2","narr","D","2"
"GermanTexts/O/AG_PLD_2_arg_D_C_3.txt",4.3125,16,"AG",FALSE,"2","arg","D","3"
"GermanTexts/O/E_PLD_13_arg_D_C_3.txt",5.0625,16,"E",FALSE,"13","arg","D","3"
"GermanTexts/O/E_PLD_4_narr_D_C_2.txt",5.0625,16,"E",FALSE,"4","narr","D","2"
"GermanTexts/O/E_PLD_6_arg_D_C_2.txt",6,16,"E",FALSE,"6","arg","D","2"
"GermanTexts/O/F_PLD_4_narr_D_C_1.txt",4.375,16,"F",FALSE,"4","narr","D","1"
"GermanTexts/O/F_PLD_5_narr_D_C_3.txt",4,16,"F",FALSE,"5","narr","D","3"
"GermanTexts/O/F_PLD_8_narr_D_C_3.txt",4.625,16,"F",FALSE,"8","narr","D","3"
"GermanTexts/O/H_PLD_3_arg_D_C_1.txt",2.75,16,"H",FALSE,"3","arg","D","1"
"GermanTexts/O/I_PLD_2_arg_D_C_1.txt",4.75,16,"I",FALSE,"2","arg","D","1"
"GermanTexts/O/J_PLD_7_arg_D_C_2.txt",3.875,16,"J",FALSE,"7","arg","D","2"
"GermanTexts/O/L_PLD_18_arg_D_C_3.txt",5.3125,16,"L",FALSE,"18","arg","D","3"
"GermanTexts/O/L_PLD_3_arg_D_C_2.txt",4.1875,16,"L",FALSE,"3","arg","D","2"
"GermanTexts/O/L_PLD_7_arg_D_C_2.txt",5.125,16,"L",FALSE,"7","arg","D","2"
"GermanTexts/O/L_PLD_8_narr_D_C_2.txt",5.75,16,"L",FALSE,"8","narr","D","2"
"GermanTexts/O/M_PLD_3_narr_D_C_3.txt",4.125,16,"M",FALSE,"3","narr","D","3"
"GermanTexts/O/M_PLD_5_arg_D_C_3.txt",2.5,16,"M",FALSE,"5","arg","D","3"
"GermanTexts/O/N_CD_10_arg_D_C_1.txt",6.0625,16,"N",TRUE,"10","arg","D","1"
"GermanTexts/O/N_CD_17_arg_D_C_1.txt",5.8125,16,"N",TRUE,"17","arg","D","1"
"GermanTexts/O/N_CD_18_arg_D_C_3.txt",5.375,16,"N",TRUE,"18","arg","D","3"
"GermanTexts/O/N_CD_20_narr_D_C_2.txt",4.8125,16,"N",TRUE,"20","narr","D","2"
"GermanTexts/O/N_CD_9_narr_D_C_3.txt",7.3125,16,"N",TRUE,"9","narr","D","3"
"GermanTexts/O/O_PLD_14_arg_D_C_1.txt",4.4375,16,"O",FALSE,"14","arg","D","1"
"GermanTexts/O/O_PLD_1_narr_D_C_3.txt",7.625,16,"O",FALSE,"1","narr","D","3"
"GermanTexts/O/O_PLD_7_narr_D_C_1.txt",4.4375,16,"O",FALSE,"7","narr","D","1"
"GermanTexts/O/S_CD_12_arg_D_C_2.txt",6.1875,16,"S",TRUE,"12","arg","D","2"
"GermanTexts/O/S_CD_12_arg_D_C_3.txt",6.625,16,"S",TRUE,"12","arg","D","3"
"GermanTexts/O/S_CD_13_narr_D_C_3.txt",5.125,16,"S",TRUE,"13","narr","D","3"
"GermanTexts/O/S_CD_14_narr_D_C_1.txt",3.375,16,"S",TRUE,"14","narr","D","1"
"GermanTexts/O/S_CD_2_narr_D_C_1.txt",5.125,16,"S",TRUE,"2","narr","D","1"
"GermanTexts/O/S_CD_3_narr_D_C_2.txt",5.1875,16,"S",TRUE,"3","narr","D","2"
"GermanTexts/O/S_CD_4_arg_D_C_3.txt",4.0625,16,"S",TRUE,"4","arg","D","3"
"GermanTexts/O/S_CD_5_narr_D_C_2.txt",4.125,16,"S",TRUE,"5","narr","D","2"
"GermanTexts/O/U_CD_13_arg_D_C_3.txt",5.9375,16,"U",TRUE,"13","arg","D","3"
"GermanTexts/O/U_CD_4_narr_D_C_1.txt",4.125,16,"U",TRUE,"4","narr","D","1"
"GermanTexts/O/V_CD_18_arg_D_C_2.txt",7.25,16,"V",TRUE,"18","arg","D","2"
"GermanTexts/O/V_CD_19_narr_D_C_3.txt",6.625,16,"V",TRUE,"19","narr","D","3"
"GermanTexts/O/V_CD_21_arg_D_C_1.txt",4.875,16,"V",TRUE,"21","arg","D","1"
"GermanTexts/O/V_CD_27_arg_D_C_2.txt",5.4375,16,"V",TRUE,"27","arg","D","2"
"GermanTexts/O/V_CD_3_arg_D_C_1.txt",3.9375,16,"V",TRUE,"3","arg","D","1"
"GermanTexts/O/V_CD_4_narr_D_C_3.txt",5.125,16,"V",TRUE,"4","narr","D","3"
"GermanTexts/O/V_CD_5_narr_D_C_2.txt",4.875,16,"V",TRUE,"5","narr","D","2"
"GermanTexts/O/X_PND_1_arg_D_C_3.txt",4.125,16,"X",FALSE,"1","arg","D","3"
"GermanTexts/P/AB_PLD_2_narr_D_C_2.txt",5.64705882352941,17,"AB",FALSE,"2","narr","D","2"
"GermanTexts/P/AB_PLD_7_narr_D_C_1.txt",6.41176470588235,17,"AB",FALSE,"7","narr","D","1"
"GermanTexts/P/AC_PLD_4_narr_D_C_2.txt",4.11764705882353,17,"AC",FALSE,"4","narr","D","2"
"GermanTexts/P/AC_PLD_4_narr_D_C_3.txt",4.29411764705882,17,"AC",FALSE,"4","narr","D","3"
"GermanTexts/P/AC_PLD_7_narr_D_C_3.txt",5.05882352941176,17,"AC",FALSE,"7","narr","D","3"
"GermanTexts/P/AC_PLD_8_arg_D_C_1.txt",4.47058823529412,17,"AC",FALSE,"8","arg","D","1"
"GermanTexts/P/AG_PLD_2_narr_D_C_1.txt",4.94117647058824,17,"AG",FALSE,"2","narr","D","1"
"GermanTexts/P/E_PLD_13_narr_D_C_2.txt",3.58823529411765,17,"E",FALSE,"13","narr","D","2"
"GermanTexts/P/E_PLD_16_arg_D_C_2.txt",5.23529411764706,17,"E",FALSE,"16","arg","D","2"
"GermanTexts/P/E_PLD_3_arg_D_C_3.txt",6.23529411764706,17,"E",FALSE,"3","arg","D","3"
"GermanTexts/P/E_PLD_3_narr_D_C_3.txt",3.88235294117647,17,"E",FALSE,"3","narr","D","3"
"GermanTexts/P/E_PLD_9_narr_D_C_1.txt",4.82352941176471,17,"E",FALSE,"9","narr","D","1"
"GermanTexts/P/F_PLD_3_arg_D_C_2.txt",3.82352941176471,17,"F",FALSE,"3","arg","D","2"
"GermanTexts/P/F_PLD_3_narr_D_C_3.txt",4.05882352941176,17,"F",FALSE,"3","narr","D","3"
"GermanTexts/P/F_PLD_6_arg_D_C_1.txt",4.41176470588235,17,"F",FALSE,"6","arg","D","1"
"GermanTexts/P/H_PLD_7_arg_D_C_3.txt",5.58823529411765,17,"H",FALSE,"7","arg","D","3"
"GermanTexts/P/H_PLD_9_arg_D_C_2.txt",7.11764705882353,17,"H",FALSE,"9","arg","D","2"
"GermanTexts/P/J_PLD_1_arg_D_C_2.txt",3.35294117647059,17,"J",FALSE,"1","arg","D","2"
"GermanTexts/P/L_PLD_13_narr_D_C_1.txt",3.82352941176471,17,"L",FALSE,"13","narr","D","1"
"GermanTexts/P/L_PLD_16_arg_D_C_2.txt",5.82352941176471,17,"L",FALSE,"16","arg","D","2"
"GermanTexts/P/L_PLD_1_arg_D_C_3.txt",5.70588235294118,17,"L",FALSE,"1","arg","D","3"
"GermanTexts/P/L_PLD_9_narr_D_C_3.txt",5.17647058823529,17,"L",FALSE,"9","narr","D","3"
"GermanTexts/P/M_PLD_4_arg_D_C_3.txt",5.35294117647059,17,"M",FALSE,"4","arg","D","3"
"GermanTexts/P/M_PLD_7_narr_D_C_1.txt",5,17,"M",FALSE,"7","narr","D","1"
"GermanTexts/P/M_PLD_9_narr_D_C_2.txt",3.82352941176471,17,"M",FALSE,"9","narr","D","2"
"GermanTexts/P/N_CD_12_arg_D_C_1.txt",4.41176470588235,17,"N",TRUE,"12","arg","D","1"
"GermanTexts/P/N_CD_12_narr_D_C_1.txt",5.70588235294118,17,"N",TRUE,"12","narr","D","1"
"GermanTexts/P/N_CD_18_narr_D_C_3.txt",6.88235294117647,17,"N",TRUE,"18","narr","D","3"
"GermanTexts/P/N_CD_19_narr_D_C_1.txt",5.94117647058824,17,"N",TRUE,"19","narr","D","1"
"GermanTexts/P/N_CD_1_narr_D_C_2.txt",5.17647058823529,17,"N",TRUE,"1","narr","D","2"
"GermanTexts/P/N_CD_2_arg_D_C_2.txt",5.82352941176471,17,"N",TRUE,"2","arg","D","2"
"GermanTexts/P/N_CD_5_arg_D_C_3.txt",7.05882352941176,17,"N",TRUE,"5","arg","D","3"
"GermanTexts/P/N_CD_5_narr_D_C_2.txt",7.05882352941176,17,"N",TRUE,"5","narr","D","2"
"GermanTexts/P/N_CD_7_arg_D_C_1.txt",6.05882352941176,17,"N",TRUE,"7","arg","D","1"
"GermanTexts/P/N_CD_8_narr_D_C_1.txt",5.76470588235294,17,"N",TRUE,"8","narr","D","1"
"GermanTexts/P/N_CD_9_arg_D_C_1.txt",5.70588235294118,17,"N",TRUE,"9","arg","D","1"
"GermanTexts/P/O_PLD_11_arg_D_C_1.txt",5.35294117647059,17,"O",FALSE,"11","arg","D","1"
"GermanTexts/P/O_PLD_11_arg_D_C_3.txt",6.41176470588235,17,"O",FALSE,"11","arg","D","3"
"GermanTexts/P/O_PLD_12_arg_D_C_1.txt",5.76470588235294,17,"O",FALSE,"12","arg","D","1"
"GermanTexts/P/S_CD_1_arg_D_C_1.txt",5.11764705882353,17,"S",TRUE,"1","arg","D","1"
"GermanTexts/P/U_CD_13_arg_D_C_2.txt",5.70588235294118,17,"U",TRUE,"13","arg","D","2"
"GermanTexts/P/U_CD_2_arg_D_C_2.txt",5.47058823529412,17,"U",TRUE,"2","arg","D","2"
"GermanTexts/P/U_CD_7_arg_D_C_3.txt",7.64705882352941,17,"U",TRUE,"7","arg","D","3"
"GermanTexts/P/V_CD_10_arg_D_C_3.txt",4.35294117647059,17,"V",TRUE,"10","arg","D","3"
"GermanTexts/P/V_CD_10_narr_D_C_3.txt",6.29411764705882,17,"V",TRUE,"10","narr","D","3"
"GermanTexts/P/V_CD_17_arg_D_C_2.txt",5.88235294117647,17,"V",TRUE,"17","arg","D","2"
"GermanTexts/P/V_CD_21_narr_D_C_3.txt",7.23529411764706,17,"V",TRUE,"21","narr","D","3"
"GermanTexts/P/V_CD_23_arg_D_C_2.txt",6.52941176470588,17,"V",TRUE,"23","arg","D","2"
"GermanTexts/P/V_CD_29_narr_D_C_2.txt",4.58823529411765,17,"V",TRUE,"29","narr","D","2"
"GermanTexts/P/V_CD_7_arg_D_C_3.txt",5.76470588235294,17,"V",TRUE,"7","arg","D","3"
"GermanTexts/P/X_PND_1_arg_D_C_1.txt",2.17647058823529,17,"X",FALSE,"1","arg","D","1"
"GermanTexts/Q/AB_PLD_2_arg_D_C_2.txt",5.4375,16,"AB",FALSE,"2","arg","D","2"
"GermanTexts/Q/AC_PLD_1_arg_D_C_2.txt",4.125,16,"AC",FALSE,"1","arg","D","2"
"GermanTexts/Q/AC_PLD_5_narr_D_C_1.txt",5.1875,16,"AC",FALSE,"5","narr","D","1"
"GermanTexts/Q/AC_PLD_7_arg_D_C_3.txt",4.6875,16,"AC",FALSE,"7","arg","D","3"
"GermanTexts/Q/AC_PLD_7_narr_D_C_2.txt",3.625,16,"AC",FALSE,"7","narr","D","2"
"GermanTexts/Q/E_PLD_13_narr_D_C_1.txt",4.625,16,"E",FALSE,"13","narr","D","1"
"GermanTexts/Q/E_PLD_1_arg_D_C_1.txt",5.8125,16,"E",FALSE,"1","arg","D","1"
"GermanTexts/Q/E_PLD_5_arg_D_C_3.txt",5.5,16,"E",FALSE,"5","arg","D","3"
"GermanTexts/Q/F_PLD_7_narr_D_C_3.txt",4.125,16,"F",FALSE,"7","narr","D","3"
"GermanTexts/Q/F_PLD_9_narr_D_C_3.txt",4.75,16,"F",FALSE,"9","narr","D","3"
"GermanTexts/Q/H_PLD_10_arg_D_C_1.txt",2.9375,16,"H",FALSE,"10","arg","D","1"
"GermanTexts/Q/I_PLD_3_narr_D_C_2.txt",5.4375,16,"I",FALSE,"3","narr","D","2"
"GermanTexts/Q/J_PLD_5_arg_D_C_2.txt",4.6875,16,"J",FALSE,"5","arg","D","2"
"GermanTexts/Q/J_PLD_5_narr_D_C_2.txt",5.25,16,"J",FALSE,"5","narr","D","2"
"GermanTexts/Q/L_PLD_16_narr_D_C_3.txt",6.8125,16,"L",FALSE,"16","narr","D","3"
"GermanTexts/Q/L_PLD_18_narr_D_C_2.txt",5.375,16,"L",FALSE,"18","narr","D","2"
"GermanTexts/Q/L_PLD_2_narr_D_C_2.txt",4.5,16,"L",FALSE,"2","narr","D","2"
"GermanTexts/Q/L_PLD_4_narr_D_C_2.txt",3.625,16,"L",FALSE,"4","narr","D","2"
"GermanTexts/Q/M_PLD_3_arg_D_C_3.txt",5.5,16,"M",FALSE,"3","arg","D","3"
"GermanTexts/Q/M_PLD_3_narr_D_C_1.txt",3.6875,16,"M",FALSE,"3","narr","D","1"
"GermanTexts/Q/N_CD_11_arg_D_C_1.txt",5.375,16,"N",TRUE,"11","arg","D","1"
"GermanTexts/Q/N_CD_15_arg_D_C_1.txt",6.125,16,"N",TRUE,"15","arg","D","1"
"GermanTexts/Q/N_CD_20_arg_D_C_2.txt",5.5625,16,"N",TRUE,"20","arg","D","2"
"GermanTexts/Q/N_CD_20_narr_D_C_3.txt",5.0625,16,"N",TRUE,"20","narr","D","3"
"GermanTexts/Q/N_CD_9_arg_D_C_3.txt",6.5625,16,"N",TRUE,"9","arg","D","3"
"GermanTexts/Q/O_PLD_11_arg_D_C_2.txt",5.5,16,"O",FALSE,"11","arg","D","2"
"GermanTexts/Q/O_PLD_12_narr_D_C_3.txt",6.0625,16,"O",FALSE,"12","narr","D","3"
"GermanTexts/Q/O_PLD_13_narr_D_C_1.txt",6.1875,16,"O",FALSE,"13","narr","D","1"
"GermanTexts/Q/O_PLD_14_arg_D_C_3.txt",5.75,16,"O",FALSE,"14","arg","D","3"
"GermanTexts/Q/O_PLD_15_narr_D_C_2.txt",7.125,16,"O",FALSE,"15","narr","D","2"
"GermanTexts/Q/O_PLD_17_arg_D_C_1.txt",5.25,16,"O",FALSE,"17","arg","D","1"
"GermanTexts/Q/O_PLD_19_arg_D_C_1.txt",5.5625,16,"O",FALSE,"19","arg","D","1"
"GermanTexts/Q/O_PLD_21_arg_D_C_3.txt",7.25,16,"O",FALSE,"21","arg","D","3"
"GermanTexts/Q/U_CD_10_narr_D_C_3.txt",6.25,16,"U",TRUE,"10","narr","D","3"
"GermanTexts/Q/U_CD_11_narr_D_C_3.txt",5.0625,16,"U",TRUE,"11","narr","D","3"
"GermanTexts/Q/U_CD_1_narr_D_C_2.txt",5.0625,16,"U",TRUE,"1","narr","D","2"
"GermanTexts/Q/U_CD_6_narr_D_C_2.txt",6,16,"U",TRUE,"6","narr","D","2"
"GermanTexts/Q/V_CD_11_arg_D_C_2.txt",7.375,16,"V",TRUE,"11","arg","D","2"
"GermanTexts/Q/V_CD_11_narr_D_C_1.txt",5.5625,16,"V",TRUE,"11","narr","D","1"
"GermanTexts/Q/V_CD_12_arg_D_C_1.txt",5,16,"V",TRUE,"12","arg","D","1"
"GermanTexts/Q/V_CD_12_narr_D_C_2.txt",5.1875,16,"V",TRUE,"12","narr","D","2"
"GermanTexts/Q/V_CD_15_narr_D_C_1.txt",3.9375,16,"V",TRUE,"15","narr","D","1"
"GermanTexts/Q/V_CD_16_arg_D_C_1.txt",4.625,16,"V",TRUE,"16","arg","D","1"
"GermanTexts/Q/V_CD_17_arg_D_C_3.txt",6.25,16,"V",TRUE,"17","arg","D","3"
"GermanTexts/Q/V_CD_24_arg_D_C_2.txt",6.125,16,"V",TRUE,"24","arg","D","2"
"GermanTexts/Q/V_CD_26_narr_D_C_2.txt",6,16,"V",TRUE,"26","narr","D","2"
"GermanTexts/Q/V_CD_27_arg_D_C_3.txt",5.5,16,"V",TRUE,"27","arg","D","3"
"GermanTexts/Q/V_CD_2_arg_D_C_3.txt",5.25,16,"V",TRUE,"2","arg","D","3"
"GermanTexts/Q/V_CD_5_narr_D_C_1.txt",5.25,16,"V",TRUE,"5","narr","D","1"
"GermanTexts/Q/V_CD_9_arg_D_C_2.txt",6.875,16,"V",TRUE,"9","arg","D","2"
"GermanTexts/Q/X_PND_4_arg_D_C_1.txt",5.5,16,"X",FALSE,"4","arg","D","1"
"GermanTexts/R/AB_PLD_5_narr_D_C_2.txt",4.11764705882353,17,"AB",FALSE,"5","narr","D","2"
"GermanTexts/R/AB_PLD_6_arg_D_C_1.txt",2.41176470588235,17,"AB",FALSE,"6","arg","D","1"
"GermanTexts/R/AB_PLD_8_narr_D_C_1.txt",4.1875,16,"AB",FALSE,"8","narr","D","1"
"GermanTexts/R/AF_PLD_2_arg_D_C_2.txt",5.47058823529412,17,"AF",FALSE,"2","arg","D","2"
"GermanTexts/R/E_PLD_10_narr_D_C_2.txt",6.47058823529412,17,"E",FALSE,"10","narr","D","2"
"GermanTexts/R/E_PLD_10_narr_D_C_3.txt",6.58823529411765,17,"E",FALSE,"10","narr","D","3"
"GermanTexts/R/E_PLD_12_arg_D_C_3.txt",4.41176470588235,17,"E",FALSE,"12","arg","D","3"
"GermanTexts/R/E_PLD_13_arg_D_C_1.txt",6.05882352941176,17,"E",FALSE,"13","arg","D","1"
"GermanTexts/R/E_PLD_16_arg_D_C_3.txt",5.64705882352941,17,"E",FALSE,"16","arg","D","3"
"GermanTexts/R/E_PLD_16_narr_D_C_1.txt",6.58823529411765,17,"E",FALSE,"16","narr","D","1"
"GermanTexts/R/E_PLD_18_narr_D_C_1.txt",2.82352941176471,17,"E",FALSE,"18","narr","D","1"
"GermanTexts/R/E_PLD_18_narr_D_C_3.txt",3.11764705882353,17,"E",FALSE,"18","narr","D","3"
"GermanTexts/R/E_PLD_3_arg_D_C_2.txt",4.05882352941176,17,"E",FALSE,"3","arg","D","2"
"GermanTexts/R/E_PLD_3_narr_D_C_2.txt",4.94117647058824,17,"E",FALSE,"3","narr","D","2"
"GermanTexts/R/E_PLD_4_arg_D_C_2.txt",4.29411764705882,17,"E",FALSE,"4","arg","D","2"
"GermanTexts/R/E_PLD_5_narr_D_C_3.txt",5.17647058823529,17,"E",FALSE,"5","narr","D","3"
"GermanTexts/R/F_PLD_1_arg_D_C_1.txt",3.58823529411765,17,"F",FALSE,"1","arg","D","1"
"GermanTexts/R/F_PLD_3_narr_D_C_1.txt",3.47058823529412,17,"F",FALSE,"3","narr","D","1"
"GermanTexts/R/H_PLD_1_arg_D_C_1.txt",3.64705882352941,17,"H",FALSE,"1","arg","D","1"
"GermanTexts/R/J_PLD_1_narr_D_C_1.txt",3.70588235294118,17,"J",FALSE,"1","narr","D","1"
"GermanTexts/R/J_PLD_5_arg_D_C_1.txt",5.88235294117647,17,"J",FALSE,"5","arg","D","1"
"GermanTexts/R/J_PLD_6_arg_D_C_3.txt",3.64705882352941,17,"J",FALSE,"6","arg","D","3"
"GermanTexts/R/L_PLD_13_arg_D_C_2.txt",3.70588235294118,17,"L",FALSE,"13","arg","D","2"
"GermanTexts/R/L_PLD_5_arg_D_C_3.txt",6.29411764705882,17,"L",FALSE,"5","arg","D","3"
"GermanTexts/R/L_PLD_9_arg_D_C_2.txt",3.41176470588235,17,"L",FALSE,"9","arg","D","2"
"GermanTexts/R/M_PLD_7_arg_D_C_3.txt",4.0625,16,"M",FALSE,"7","arg","D","3"
"GermanTexts/R/N_CD_11_arg_D_C_2.txt",4.47058823529412,17,"N",TRUE,"11","arg","D","2"
"GermanTexts/R/N_CD_11_arg_D_C_3.txt",6.41176470588235,17,"N",TRUE,"11","arg","D","3"
"GermanTexts/R/N_CD_11_narr_D_C_1.txt",5.23529411764706,17,"N",TRUE,"11","narr","D","1"
"GermanTexts/R/N_CD_13_narr_D_C_3.txt",5.11764705882353,17,"N",TRUE,"13","narr","D","3"
"GermanTexts/R/O_PLD_10_narr_D_C_2.txt",4.88235294117647,17,"O",FALSE,"10","narr","D","2"
"GermanTexts/R/O_PLD_6_narr_D_C_1.txt",5,17,"O",FALSE,"6","narr","D","1"
"GermanTexts/R/S_CD_2_narr_D_C_2.txt",4,17,"S",TRUE,"2","narr","D","2"
"GermanTexts/R/S_CD_6_narr_D_C_2.txt",5.58823529411765,17,"S",TRUE,"6","narr","D","2"
"GermanTexts/R/U_CD_13_narr_D_C_2.txt",5.23529411764706,17,"U",TRUE,"13","narr","D","2"
"GermanTexts/R/U_CD_14_arg_D_C_2.txt",7.125,16,"U",TRUE,"14","arg","D","2"
"GermanTexts/R/U_CD_15_arg_D_C_1.txt",4,17,"U",TRUE,"15","arg","D","1"
"GermanTexts/R/U_CD_3_arg_D_C_2.txt",4.58823529411765,17,"U",TRUE,"3","arg","D","2"
"GermanTexts/R/U_CD_4_narr_D_C_3.txt",7.64705882352941,17,"U",TRUE,"4","narr","D","3"
"GermanTexts/R/U_CD_7_arg_D_C_2.txt",5.70588235294118,17,"U",TRUE,"7","arg","D","2"
"GermanTexts/R/V_CD_13_arg_D_C_3.txt",4.58823529411765,17,"V",TRUE,"13","arg","D","3"
"GermanTexts/R/V_CD_16_narr_D_C_1.txt",4.88235294117647,17,"V",TRUE,"16","narr","D","1"
"GermanTexts/R/V_CD_19_narr_D_C_1.txt",5.52941176470588,17,"V",TRUE,"19","narr","D","1"
"GermanTexts/R/V_CD_22_arg_D_C_3.txt",4.29411764705882,17,"V",TRUE,"22","arg","D","3"
"GermanTexts/R/V_CD_30_narr_D_C_3.txt",6.17647058823529,17,"V",TRUE,"30","narr","D","3"
"GermanTexts/R/V_CD_4_arg_D_C_3.txt",7.05882352941176,17,"V",TRUE,"4","arg","D","3"
"GermanTexts/R/V_CD_4_narr_D_C_2.txt",4.47058823529412,17,"V",TRUE,"4","narr","D","2"
"GermanTexts/R/V_CD_5_arg_D_C_1.txt",5.47058823529412,17,"V",TRUE,"5","arg","D","1"
"GermanTexts/R/V_CD_6_arg_D_C_1.txt",5.29411764705882,17,"V",TRUE,"6","arg","D","1"
"GermanTexts/R/V_CD_8_arg_D_C_1.txt",4.35294117647059,17,"V",TRUE,"8","arg","D","1"
"GermanTexts/R/X_PND_3_narr_D_C_3.txt",6.94117647058824,17,"X",FALSE,"3","narr","D","3"
"GermanTexts/S/AB_PLD_1_narr_D_C_2.txt",4.6875,16,"AB",FALSE,"1","narr","D","2"
"GermanTexts/S/AB_PLD_6_narr_D_C_1.txt",3.0625,16,"AB",FALSE,"6","narr","D","1"
"GermanTexts/S/AC_PLD_3_narr_D_C_1.txt",3.8125,16,"AC",FALSE,"3","narr","D","1"
"GermanTexts/S/AC_PLD_8_narr_D_C_1.txt",4.5,16,"AC",FALSE,"8","narr","D","1"
"GermanTexts/S/AF_PLD_1_narr_D_C_2.txt",3.6875,16,"AF",FALSE,"1","narr","D","2"
"GermanTexts/S/AG_PLD_1_arg_D_C_1.txt",7.25,16,"AG",FALSE,"1","arg","D","1"
"GermanTexts/S/E_PLD_11_narr_D_C_2.txt",3.8125,16,"E",FALSE,"11","narr","D","2"
"GermanTexts/S/E_PLD_14_narr_D_C_3.txt",5.0625,16,"E",FALSE,"14","narr","D","3"
"GermanTexts/S/E_PLD_4_narr_D_C_3.txt",5.33333333333333,15,"E",FALSE,"4","narr","D","3"
"GermanTexts/S/E_PLD_6_narr_D_C_2.txt",6.0625,16,"E",FALSE,"6","narr","D","2"
"GermanTexts/S/E_PLD_7_narr_D_C_3.txt",4.5,16,"E",FALSE,"7","narr","D","3"
"GermanTexts/S/F_PLD_5_arg_D_C_1.txt",4.8125,16,"F",FALSE,"5","arg","D","1"
"GermanTexts/S/H_PLD_2_arg_D_C_3.txt",5.5,16,"H",FALSE,"2","arg","D","3"
"GermanTexts/S/I_PLD_4_narr_D_C_1.txt",5.0625,16,"I",FALSE,"4","narr","D","1"
"GermanTexts/S/I_PLD_4_narr_D_C_3.txt",4.5625,16,"I",FALSE,"4","narr","D","3"
"GermanTexts/S/L_PLD_18_arg_D_C_1.txt",5.0625,16,"L",FALSE,"18","arg","D","1"
"GermanTexts/S/L_PLD_2_arg_D_C_2.txt",3.75,16,"L",FALSE,"2","arg","D","2"
"GermanTexts/S/L_PLD_2_arg_D_C_3.txt",3.9375,16,"L",FALSE,"2","arg","D","3"
"GermanTexts/S/L_PLD_5_arg_D_C_1.txt",3,16,"L",FALSE,"5","arg","D","1"
"GermanTexts/S/M_PLD_14_narr_D_C_3.txt",6.5625,16,"M",FALSE,"14","narr","D","3"
"GermanTexts/S/M_PLD_3_arg_D_C_2.txt",3.8125,16,"M",FALSE,"3","arg","D","2"
"GermanTexts/S/M_PLD_4_arg_D_C_2.txt",4.25,16,"M",FALSE,"4","arg","D","2"
"GermanTexts/S/M_PLD_8_arg_D_C_3.txt",4.3125,16,"M",FALSE,"8","arg","D","3"
"GermanTexts/S/M_PLD_9_arg_D_C_3.txt",4.3125,16,"M",FALSE,"9","arg","D","3"
"GermanTexts/S/N_CD_12_narr_D_C_2.txt",6.86666666666667,15,"N",TRUE,"12","narr","D","2"
"GermanTexts/S/N_CD_18_narr_D_C_1.txt",5.9375,16,"N",TRUE,"18","narr","D","1"
"GermanTexts/S/N_CD_1_narr_D_C_3.txt",3.25,16,"N",TRUE,"1","narr","D","3"
"GermanTexts/S/N_CD_6_arg_D_C_3.txt",8.4375,16,"N",TRUE,"6","arg","D","3"
"GermanTexts/S/N_CD_7_arg_D_C_3.txt",7.625,16,"N",TRUE,"7","arg","D","3"
"GermanTexts/S/O_PLD_11_narr_D_C_1.txt",5.1875,16,"O",FALSE,"11","narr","D","1"
"GermanTexts/S/O_PLD_12_arg_D_C_2.txt",6.66666666666667,15,"O",FALSE,"12","arg","D","2"
"GermanTexts/S/O_PLD_1_narr_D_C_1.txt",3.5625,16,"O",FALSE,"1","narr","D","1"
"GermanTexts/S/O_PLD_4_arg_D_C_1.txt",4.4375,16,"O",FALSE,"4","arg","D","1"
"GermanTexts/S/S_CD_10_arg_D_C_3.txt",6.6875,16,"S",TRUE,"10","arg","D","3"
"GermanTexts/S/S_CD_13_arg_D_C_1.txt",4,16,"S",TRUE,"13","arg","D","1"
"GermanTexts/S/S_CD_2_arg_D_C_2.txt",4.8125,16,"S",TRUE,"2","arg","D","2"
"GermanTexts/S/U_CD_11_narr_D_C_2.txt",5.6875,16,"U",TRUE,"11","narr","D","2"
"GermanTexts/S/U_CD_5_arg_D_C_2.txt",5.6875,16,"U",TRUE,"5","arg","D","2"
"GermanTexts/S/U_CD_5_narr_D_C_3.txt",5.75,16,"U",TRUE,"5","narr","D","3"
"GermanTexts/S/U_CD_6_arg_D_C_3.txt",5.5625,16,"U",TRUE,"6","arg","D","3"
"GermanTexts/S/U_CD_7_arg_D_C_1.txt",5.6875,16,"U",TRUE,"7","arg","D","1"
"GermanTexts/S/V_CD_10_arg_D_C_1.txt",3.4375,16,"V",TRUE,"10","arg","D","1"
"GermanTexts/S/V_CD_10_arg_D_C_2.txt",5.1875,16,"V",TRUE,"10","arg","D","2"
"GermanTexts/S/V_CD_10_narr_D_C_1.txt",4.625,16,"V",TRUE,"10","narr","D","1"
"GermanTexts/S/V_CD_19_narr_D_C_2.txt",6.5625,16,"V",TRUE,"19","narr","D","2"
"GermanTexts/S/V_CD_21_narr_D_C_1.txt",3.8125,16,"V",TRUE,"21","narr","D","1"
"GermanTexts/S/V_CD_28_arg_D_C_1.txt",5.1875,16,"V",TRUE,"28","arg","D","1"
"GermanTexts/S/V_CD_29_arg_D_C_2.txt",4.8125,16,"V",TRUE,"29","arg","D","2"
"GermanTexts/S/V_CD_5_narr_D_C_3.txt",6.875,16,"V",TRUE,"5","narr","D","3"
"GermanTexts/S/V_CD_7_narr_D_C_3.txt",5.6875,16,"V",TRUE,"7","narr","D","3"
"GermanTexts/S/X_PND_4_narr_D_C_2.txt",5.375,16,"X",FALSE,"4","narr","D","2"
"GermanTexts/T/AB_PLD_3_narr_D_C_2.txt",6.92307692307692,13,"AB",FALSE,"3","narr","D","2"
"GermanTexts/T/AC_PLD_1_arg_D_C_1.txt",5.16666666666667,12,"AC",FALSE,"1","arg","D","1"
"GermanTexts/T/AC_PLD_2_arg_D_C_2.txt",5.76923076923077,13,"AC",FALSE,"2","arg","D","2"
"GermanTexts/T/AC_PLD_2_arg_D_C_3.txt",7.07692307692308,13,"AC",FALSE,"2","arg","D","3"
"GermanTexts/T/AF_PLD_2_narr_D_C_1.txt",5.15384615384615,13,"AF",FALSE,"2","narr","D","1"
"GermanTexts/T/AG_PLD_2_arg_D_C_2.txt",3.30769230769231,13,"AG",FALSE,"2","arg","D","2"
"GermanTexts/T/E_PLD_1_narr_D_C_1.txt",5.30769230769231,13,"E",FALSE,"1","narr","D","1"
"GermanTexts/T/E_PLD_3_arg_D_C_1.txt",5.15384615384615,13,"E",FALSE,"3","arg","D","1"
"GermanTexts/T/E_PLD_5_narr_D_C_1.txt",3.69230769230769,13,"E",FALSE,"5","narr","D","1"
"GermanTexts/T/E_PLD_6_narr_D_C_1.txt",4.76923076923077,13,"E",FALSE,"6","narr","D","1"
"GermanTexts/T/E_PLD_9_arg_D_C_1.txt",4.92307692307692,13,"E",FALSE,"9","arg","D","1"
"GermanTexts/T/F_PLD_7_arg_D_C_3.txt",5.07692307692308,13,"F",FALSE,"7","arg","D","3"
"GermanTexts/T/H_PLD_2_narr_D_C_1.txt",4.38461538461539,13,"H",FALSE,"2","narr","D","1"
"GermanTexts/T/H_PLD_6_narr_D_C_2.txt",5.91666666666667,12,"H",FALSE,"6","narr","D","2"
"GermanTexts/T/I_PLD_4_arg_D_C_1.txt",2.92307692307692,13,"I",FALSE,"4","arg","D","1"
"GermanTexts/T/J_PLD_4_arg_D_C_2.txt",6.23076923076923,13,"J",FALSE,"4","arg","D","2"
"GermanTexts/T/L_PLD_14_narr_D_C_3.txt",3.15384615384615,13,"L",FALSE,"14","narr","D","3"
"GermanTexts/T/L_PLD_19_arg_D_C_3.txt",4.53846153846154,13,"L",FALSE,"19","arg","D","3"
"GermanTexts/T/L_PLD_1_narr_D_C_2.txt",5.30769230769231,13,"L",FALSE,"1","narr","D","2"
"GermanTexts/T/L_PLD_8_arg_D_C_2.txt",4.61538461538461,13,"L",FALSE,"8","arg","D","2"
"GermanTexts/T/M_PLD_10_narr_D_C_3.txt",3.46153846153846,13,"M",FALSE,"10","narr","D","3"
"GermanTexts/T/M_PLD_11_narr_D_C_3.txt",5.23076923076923,13,"M",FALSE,"11","narr","D","3"
"GermanTexts/T/M_PLD_2_arg_D_C_1.txt",3.38461538461538,13,"M",FALSE,"2","arg","D","1"
"GermanTexts/T/M_PLD_2_arg_D_C_2.txt",4.84615384615385,13,"M",FALSE,"2","arg","D","2"
"GermanTexts/T/N_CD_10_narr_D_C_2.txt",7.15384615384615,13,"N",TRUE,"10","narr","D","2"
"GermanTexts/T/N_CD_16_arg_D_C_2.txt",5.38461538461539,13,"N",TRUE,"16","arg","D","2"
"GermanTexts/T/N_CD_17_arg_D_C_2.txt",5.76923076923077,13,"N",TRUE,"17","arg","D","2"
"GermanTexts/T/N_CD_17_narr_D_C_3.txt",6.15384615384615,13,"N",TRUE,"17","narr","D","3"
"GermanTexts/T/N_CD_21_arg_D_C_2.txt",6.69230769230769,13,"N",TRUE,"21","arg","D","2"
"GermanTexts/T/N_CD_3_arg_D_C_3.txt",5.92307692307692,13,"N",TRUE,"3","arg","D","3"
"GermanTexts/T/N_CD_6_narr_D_C_1.txt",5.07692307692308,13,"N",TRUE,"6","narr","D","1"
"GermanTexts/T/O_PLD_12_narr_D_C_2.txt",6.53846153846154,13,"O",FALSE,"12","narr","D","2"
"GermanTexts/T/O_PLD_16_arg_D_C_2.txt",6.30769230769231,13,"O",FALSE,"16","arg","D","2"
"GermanTexts/T/O_PLD_19_narr_D_C_3.txt",6.46153846153846,13,"O",FALSE,"19","narr","D","3"
"GermanTexts/T/O_PLD_6_narr_D_C_3.txt",6.38461538461539,13,"O",FALSE,"6","narr","D","3"
"GermanTexts/T/O_PLD_8_arg_D_C_3.txt",4.69230769230769,13,"O",FALSE,"8","arg","D","3"
"GermanTexts/T/S_CD_14_arg_D_C_1.txt",5.15384615384615,13,"S",TRUE,"14","arg","D","1"
"GermanTexts/T/S_CD_14_arg_D_C_3.txt",5.61538461538461,13,"S",TRUE,"14","arg","D","3"
"GermanTexts/T/S_CD_3_narr_D_C_3.txt",4.76923076923077,13,"S",TRUE,"3","narr","D","3"
"GermanTexts/T/U_CD_14_narr_D_C_2.txt",4,13,"U",TRUE,"14","narr","D","2"
"GermanTexts/T/U_CD_1_arg_D_C_1.txt",4,13,"U",TRUE,"1","arg","D","1"
"GermanTexts/T/U_CD_2_narr_D_C_3.txt",5.07692307692308,13,"U",TRUE,"2","narr","D","3"
"GermanTexts/T/U_CD_4_narr_D_C_2.txt",4.46153846153846,13,"U",TRUE,"4","narr","D","2"
"GermanTexts/T/U_CD_6_arg_D_C_1.txt",3.53846153846154,13,"U",TRUE,"6","arg","D","1"
"GermanTexts/T/U_CD_6_narr_D_C_1.txt",4.38461538461539,13,"U",TRUE,"6","narr","D","1"
"GermanTexts/T/V_CD_13_narr_D_C_1.txt",5.23076923076923,13,"V",TRUE,"13","narr","D","1"
"GermanTexts/T/V_CD_19_arg_D_C_3.txt",8.15384615384615,13,"V",TRUE,"19","arg","D","3"
"GermanTexts/T/V_CD_28_narr_D_C_3.txt",6.07692307692308,13,"V",TRUE,"28","narr","D","3"
"GermanTexts/T/V_CD_29_arg_D_C_3.txt",3.92307692307692,13,"V",TRUE,"29","arg","D","3"
"GermanTexts/T/V_CD_5_arg_D_C_2.txt",5.92307692307692,13,"V",TRUE,"5","arg","D","2"
"GermanTexts/T/V_CD_7_arg_D_C_1.txt",6,13,"V",TRUE,"7","arg","D","1"
